,Player,Year,Pos,Age,Tm,G,MP,PER,TS%,3PAr,FTr,ORB%,DRB%,TRB%,AST%,STL%,BLK%,TOV%,USG%,Unnamed: 18,OWS,DWS,WS,WS/48,Unnamed: 23,OBPM,DBPM,BPM,VORP,GS,FG,FGA,FG%,3P,3PA,3P%,2P,2PA,2P%,FT,FTA,FT%,ORB,DRB,TRB,AST,STL,BLK,TOV,PF,PTS,ORtg,DRtg
0,Kevin Durant\duranke01,2019,SF,30,GSW,78,2702,24.2,0.631,0.281,0.366,1.4,17.5,9.8,26.2,1.0,2.6,12.3,29.0,,8.6,2.9,11.5,0.204,,4.2,0.1,4.3,4.3,78,12.7,24.4,0.521,2.4,6.8,0.353,10.3,17.5,0.5870000000000001,7.9,8.9,0.885,0.6,8.2,8.8,8.0,1.0,1.5,4.0,2.7,35.7,121.0,110
1,Al Horford\horfoal01,2019,C,32,BOS,68,1973,20.2,0.605,0.281,0.131,6.5,18.3,12.4,21.2,1.4,3.9,11.8,18.9,,4.5,2.9,7.5,0.18100000000000002,,2.1,2.7,4.8,3.4,68,9.4,17.7,0.535,1.8,5.0,0.36,7.7,12.7,0.604,1.9,2.3,0.821,2.9,8.3,11.2,6.9,1.4,2.1,2.5,3.1,22.6,122.0,107
2,Carmelo Anthony\anthoca01,2019,PF,34,HOU,10,294,10.9,0.513,0.529,0.182,3.3,17.3,10.2,2.6,0.7,2.0,5.8,20.5,,0.1,0.2,0.3,0.048,,-3.1,-2.8,-5.9,-0.3,2,8.2,20.2,0.405,3.5,10.7,0.32799999999999996,4.7,9.5,0.491,2.5,3.7,0.682,1.5,7.5,9.0,0.8,0.7,1.2,1.3,5.3,22.4,103.0,112
3,Harrison Barnes\barneha02,2019,PF-SF,26,TOT,77,2533,12.8,0.55,0.429,0.271,2.4,12.7,7.5,6.7,0.9,0.4,7.9,20.9,,2.0,1.6,3.6,0.068,,-0.6,-1.8,-2.3,-0.2,77,8.1,19.4,0.42,3.3,8.3,0.395,4.8,11.0,0.439,4.3,5.2,0.8240000000000001,1.1,5.7,6.8,2.2,0.9,0.2,1.8,2.3,23.8,108.0,114
4,Kawhi Leonard\leonaka01,2019,SF,27,TOR,60,2040,25.8,0.606,0.267,0.377,4.2,18.6,11.6,16.4,2.5,1.0,8.4,30.3,,6.1,3.4,9.5,0.22399999999999998,,4.3,0.7,5.0,3.6,60,13.2,26.5,0.496,2.6,7.1,0.371,10.5,19.4,0.542,8.6,10.0,0.8540000000000001,1.8,8.5,10.3,4.7,2.5,0.6,2.8,2.0,37.5,119.0,105
5,DeAndre Jordan\jordade01,2019,C,30,TOT,69,2047,19.0,0.674,0.0,0.5920000000000001,11.7,35.2,23.5,11.6,1.0,3.0,21.4,15.0,,4.0,3.1,7.1,0.16699999999999998,,-0.9,3.3,2.4,2.3,69,6.8,10.6,0.6409999999999999,0.0,0.0,,6.8,10.6,0.6409999999999999,4.4,6.2,0.705,5.3,16.0,21.3,3.7,1.0,1.7,3.6,4.0,17.9,122.0,106
6,Jimmy Butler\butleji01,2019,SF-SG,29,TOT,65,2185,20.2,0.5710000000000001,0.213,0.40399999999999997,6.0,10.5,8.3,18.0,2.7,1.4,8.2,22.3,,5.4,2.5,7.9,0.17300000000000001,,2.6,0.6,3.2,2.9,65,9.1,19.6,0.462,1.5,4.2,0.34700000000000003,7.6,15.4,0.494,6.8,7.9,0.855,2.6,4.8,7.4,5.7,2.7,0.8,2.1,2.4,26.3,121.0,110
7,Kyrie Irving\irvinky01,2019,PG,26,BOS,67,2214,24.3,0.5920000000000001,0.35,0.19699999999999998,3.4,12.7,8.1,35.0,2.2,1.4,11.3,29.6,,6.2,2.9,9.1,0.19699999999999998,,6.0,0.4,6.4,4.7,67,13.1,27.0,0.48700000000000004,3.8,9.4,0.401,9.4,17.6,0.5329999999999999,4.7,5.3,0.873,1.5,5.7,7.3,10.1,2.2,0.7,3.7,3.6,34.7,118.0,108
8,Jabari Parker\parkeja01,2019,PF,23,TOT,64,1724,15.5,0.56,0.26,0.24600000000000002,4.9,21.8,13.3,14.1,1.3,1.5,15.4,24.6,,0.1,1.3,1.4,0.039,,-1.5,-0.5,-2.1,0.0,17,10.3,20.9,0.493,1.7,5.4,0.313,8.6,15.4,0.556,3.7,5.1,0.7120000000000001,2.2,9.5,11.7,4.2,1.3,0.8,4.2,4.0,25.9,102.0,113
9,Klay Thompson\thompkl01,2019,SG,28,GSW,78,2652,16.6,0.5710000000000001,0.42700000000000005,0.113,1.6,10.1,6.0,10.5,1.5,1.5,7.2,25.6,,2.9,2.3,5.3,0.095,,1.2,-2.0,-0.8,0.8,78,11.8,25.2,0.467,4.3,10.7,0.402,7.4,14.4,0.516,2.3,2.8,0.816,0.7,4.7,5.4,3.3,1.5,0.8,2.1,2.8,30.1,110.0,112
10,Dwight Howard\howardw01,2019,C,33,WAS,9,230,17.4,0.638,0.0,0.696,11.1,28.3,19.6,2.6,1.4,1.5,15.1,19.6,,0.4,0.2,0.6,0.124,,-2.9,-2.3,-5.2,-0.2,9,8.9,14.2,0.623,0.0,0.0,,8.9,14.2,0.623,6.0,9.9,0.604,4.9,12.1,17.1,0.8,1.4,0.8,3.3,7.0,23.7,116.0,111
11,Wesley Matthews\matthwe02,2019,SF-SG,32,TOT,69,2091,10.3,0.546,0.5770000000000001,0.23399999999999999,1.7,7.1,4.4,11.1,1.3,0.7,10.6,17.8,,1.1,1.5,2.7,0.062,,-0.3,-1.2,-1.5,0.3,68,6.5,16.2,0.4,3.5,9.4,0.37200000000000005,3.0,6.9,0.43700000000000006,3.1,3.8,0.81,0.7,3.2,4.0,3.7,1.3,0.4,2.1,3.7,19.5,107.0,113
12,Enes Kanter\kanteen01,2019,C,26,TOT,67,1640,22.3,0.594,0.05,0.28800000000000003,16.4,26.1,21.1,12.1,0.9,1.3,13.3,23.1,,3.9,1.6,5.4,0.159,,1.5,-0.2,1.3,1.4,31,11.0,20.1,0.5489999999999999,0.3,1.0,0.294,10.7,19.1,0.562,4.6,5.8,0.787,7.6,11.8,19.4,3.4,0.9,0.8,3.5,4.9,26.9,118.0,111
13,Jonas Valanciunas\valanjo01,2019,C,26,TOT,49,1091,24.4,0.616,0.08900000000000001,0.344,10.7,31.4,21.1,12.0,0.8,4.4,12.7,28.5,,2.2,1.9,4.2,0.183,,0.1,1.2,1.2,0.9,27,13.5,24.0,0.5589999999999999,0.6,2.1,0.292,12.8,21.9,0.586,6.6,8.3,0.795,4.7,14.0,18.7,3.1,0.8,2.4,4.0,6.5,34.1,114.0,104
14,DeMarre Carroll\carrode01,2019,PF,32,BRK,67,1703,12.1,0.546,0.539,0.42100000000000004,4.2,17.3,10.8,7.2,0.9,0.5,9.7,18.6,,1.5,1.6,3.1,0.08800000000000001,,-1.0,-0.7,-1.7,0.1,8,6.3,16.1,0.395,3.0,8.7,0.342,3.4,7.4,0.457,5.1,6.8,0.76,1.9,7.9,9.8,2.4,0.9,0.3,2.0,3.2,20.8,110.0,111
15,Trevor Ariza\arizatr01,2019,SF,33,TOT,69,2349,12.0,0.534,0.59,0.223,2.3,15.2,8.6,14.8,1.8,0.7,11.6,16.6,,1.3,1.2,2.5,0.052000000000000005,,-0.1,-0.4,-0.5,0.9,69,5.9,14.9,0.39899999999999997,2.9,8.8,0.33399999999999996,3.0,6.1,0.493,2.6,3.3,0.7929999999999999,1.0,6.5,7.5,5.1,1.8,0.4,2.1,2.6,17.5,107.0,115
16,Ricky Rubio\rubiori01,2019,PG,28,UTA,68,1899,14.0,0.52,0.348,0.312,1.9,11.8,6.9,32.1,2.3,0.4,17.8,22.7,,0.9,2.8,3.7,0.095,,-0.6,0.6,0.0,0.9,67,7.4,18.4,0.40399999999999997,2.0,6.4,0.311,5.4,12.0,0.45399999999999996,4.9,5.7,0.855,0.8,5.3,6.1,10.5,2.3,0.3,4.5,4.5,21.8,105.0,107
17,Tobias Harris\harrito02,2019,PF,26,TOT,82,2847,17.2,0.5920000000000001,0.313,0.245,2.6,20.8,12.0,12.5,0.8,1.0,9.8,22.8,,4.5,2.6,7.1,0.12,,1.1,-0.6,0.5,1.8,82,10.1,20.8,0.48700000000000004,2.6,6.5,0.397,7.5,14.3,0.528,4.4,5.1,0.866,1.1,9.6,10.7,3.8,0.8,0.6,2.5,3.1,27.3,114.0,111
18,Robin Lopez\lopezro01,2019,C,30,CHI,74,1606,15.9,0.598,0.057999999999999996,0.23,9.4,10.0,9.7,8.8,0.3,4.2,14.0,18.6,,2.0,0.7,2.7,0.081,,-1.0,-0.1,-1.1,0.4,36,9.2,16.2,0.568,0.2,0.9,0.226,9.0,15.2,0.589,2.7,3.7,0.7240000000000001,4.2,4.4,8.6,2.7,0.3,2.4,2.9,3.7,21.3,113.0,115
19,Taj Gibson\gibsota01,2019,PF,33,MIN,70,1686,17.8,0.612,0.063,0.33,10.8,18.3,14.5,7.3,1.5,2.0,10.6,17.2,,3.7,1.4,5.1,0.14400000000000002,,0.8,0.2,1.0,1.3,57,8.6,15.3,0.5660000000000001,0.3,1.0,0.324,8.3,14.3,0.583,3.8,5.0,0.757,4.9,8.1,13.0,2.4,1.5,1.1,2.1,5.3,21.4,123.0,112
20,Jeremy Lin\linje01,2019,PG,30,TOT,74,1436,13.5,0.5579999999999999,0.34600000000000003,0.38799999999999996,1.6,11.7,6.6,23.4,1.5,0.8,16.4,21.8,,1.2,0.9,2.1,0.07,,-1.1,-1.8,-2.9,-0.3,4,7.7,17.6,0.44,1.8,6.1,0.294,6.0,11.5,0.517,5.7,6.8,0.838,0.7,5.1,5.8,7.5,1.5,0.4,4.0,4.7,23.0,108.0,114
21,Thaddeus Young\youngth01,2019,PF,30,IND,81,2489,16.2,0.569,0.174,0.161,8.7,14.4,11.7,12.0,2.4,1.3,12.0,18.0,,3.0,3.9,6.9,0.133,,0.8,2.1,2.9,3.1,81,8.7,16.5,0.527,1.0,2.9,0.349,7.7,13.7,0.564,1.7,2.7,0.644,3.8,6.5,10.3,4.0,2.4,0.7,2.4,3.8,20.1,113.0,106
22,Kenneth Faried\farieke01,2019,C,29,TOT,37,728,21.6,0.622,0.094,0.374,14.4,23.4,18.8,4.6,1.1,2.7,9.7,20.3,,2.1,0.9,2.9,0.193,,-0.2,-1.0,-1.2,0.2,13,10.5,17.8,0.589,0.5,1.7,0.32,9.9,16.1,0.617,4.3,6.6,0.6459999999999999,6.5,10.3,16.8,1.3,1.1,1.5,2.2,5.5,25.7,125.0,109
23,Tyson Chandler\chandty01,2019,C,36,TOT,55,875,11.2,0.63,0.01,0.879,11.1,25.3,18.3,5.3,1.1,2.2,23.4,8.5,,0.9,1.2,2.1,0.114,,-3.1,1.8,-1.3,0.2,6,3.3,5.3,0.616,0.0,0.1,0.0,3.3,5.2,0.622,2.7,4.6,0.586,4.9,11.5,16.4,2.0,1.1,1.2,2.2,5.9,9.2,120.0,108
24,Marcin Gortat\gortama01,2019,C,34,LAC,47,751,12.8,0.562,0.0,0.258,9.8,26.5,18.4,12.0,0.4,2.5,19.4,14.4,,0.6,0.8,1.4,0.08900000000000001,,-2.5,1.4,-1.1,0.2,43,6.2,11.7,0.532,0.0,0.0,,6.2,11.7,0.532,2.2,3.0,0.7290000000000001,4.2,12.2,16.4,4.1,0.4,1.5,3.1,5.8,14.6,110.0,110
25,Khris Middleton\middlkh01,2019,SF,27,MIL,77,2393,16.5,0.5579999999999999,0.413,0.225,2.3,16.5,9.8,20.1,1.6,0.2,12.1,25.1,,2.5,3.6,6.1,0.12300000000000001,,0.7,0.1,0.8,1.7,77,9.8,22.3,0.441,3.5,9.2,0.37799999999999995,6.4,13.1,0.485,4.2,5.0,0.8370000000000001,1.0,8.0,9.0,6.4,1.6,0.1,3.4,3.3,27.3,109.0,106
26,Wilson Chandler\chandwi01,2019,PF-SF,31,TOT,51,1177,8.5,0.537,0.579,0.092,4.4,14.6,9.7,9.1,1.0,1.4,13.9,11.8,,0.5,1.0,1.5,0.062,,-1.3,0.3,-1.0,0.3,33,4.6,11.0,0.418,2.4,6.3,0.373,2.2,4.6,0.478,0.7,1.0,0.72,1.9,6.7,8.6,3.3,1.0,0.8,1.8,4.9,12.2,107.0,112
27,Nikola Vucevic\vucevni01,2019,C,28,ORL,80,2510,25.5,0.573,0.171,0.168,9.4,31.9,20.5,21.9,1.6,3.0,9.9,28.0,,5.4,4.7,10.1,0.193,,3.0,3.4,6.4,5.3,80,13.7,26.4,0.518,1.6,4.5,0.364,12.0,21.9,0.5489999999999999,3.5,4.4,0.789,4.4,14.3,18.7,6.0,1.6,1.7,3.1,3.1,32.5,115.0,103
28,Nikola Mirotic\mirotni01,2019,PF,27,TOT,46,1245,17.2,0.584,0.5870000000000001,0.22899999999999998,5.1,22.6,14.0,6.2,1.2,2.2,7.4,21.4,,2.0,1.4,3.5,0.133,,1.2,-1.2,0.0,0.6,25,8.9,20.2,0.439,4.3,11.9,0.365,4.6,8.4,0.545,3.9,4.6,0.847,2.2,10.4,12.7,2.1,1.2,1.3,1.8,4.0,26.0,115.0,109
29,Tyreke Evans\evansty01,2019,SG,29,IND,69,1402,11.5,0.483,0.327,0.242,2.7,13.0,7.9,17.5,2.0,1.1,13.9,26.4,,-1.7,2.0,0.3,0.01,,-3.1,-0.5,-3.6,-0.6,18,9.0,23.0,0.389,2.7,7.5,0.35600000000000004,6.3,15.5,0.405,4.0,5.6,0.7190000000000001,1.2,5.9,7.0,5.8,2.0,0.6,4.1,4.1,24.6,94.0,107
30,J.J. Redick\redicjj01,2019,SG,34,PHI,76,2379,15.1,0.602,0.589,0.248,0.9,7.2,4.1,12.9,0.6,0.6,8.1,21.9,,4.6,1.2,5.9,0.11800000000000001,,2.7,-3.3,-0.7,0.8,63,9.0,20.4,0.44,4.8,12.0,0.397,4.2,8.4,0.502,4.5,5.1,0.894,0.4,3.3,3.7,4.1,0.6,0.3,2.0,2.6,27.2,118.0,115
31,Austin Rivers\riverau01,2019,SG,26,TOT,76,2028,7.7,0.503,0.5720000000000001,0.166,1.3,7.5,4.4,11.5,1.1,1.0,10.0,14.5,,0.4,0.8,1.2,0.027999999999999997,,-2.0,-1.5,-3.5,-0.7,15,5.5,13.7,0.406,2.5,7.8,0.318,3.1,5.9,0.522,1.2,2.3,0.526,0.6,3.3,3.9,4.0,1.1,0.5,1.6,4.9,14.8,104.0,116
32,Kentavious Caldwell-Pope\caldwke01,2019,SG,25,LAL,82,2035,12.9,0.568,0.575,0.209,2.5,9.4,6.0,7.5,1.7,0.5,7.3,18.1,,2.3,1.8,4.0,0.095,,0.6,-1.2,-0.6,0.7,23,7.4,17.3,0.43,3.5,9.9,0.34700000000000003,4.0,7.3,0.542,3.1,3.6,0.867,1.1,4.3,5.4,2.5,1.7,0.3,1.5,3.1,21.4,113.0,112
33,Kemba Walker\walkeke02,2019,PG,28,CHO,82,2863,21.7,0.5579999999999999,0.434,0.267,1.9,11.9,6.8,29.4,1.7,1.0,10.1,31.5,,5.5,1.9,7.4,0.12300000000000001,,5.1,-1.7,3.3,3.9,82,12.4,28.6,0.434,4.4,12.4,0.35600000000000004,8.0,16.2,0.494,6.5,7.6,0.8440000000000001,0.9,5.2,6.1,8.2,1.7,0.6,3.6,2.2,35.7,112.0,114
34,Alec Burks\burksal01,2019,SG,27,TOT,64,1375,12.7,0.523,0.354,0.297,2.3,17.0,9.4,13.7,1.4,1.3,10.8,19.0,,0.7,0.8,1.5,0.052000000000000005,,-1.5,-0.6,-2.2,-0.1,24,6.8,16.9,0.405,2.2,6.0,0.363,4.7,10.9,0.428,4.1,5.0,0.823,1.1,7.3,8.4,4.6,1.4,0.7,2.3,3.2,20.0,106.0,114
35,Iman Shumpert\shumpim01,2019,SG,28,TOT,62,1481,9.1,0.499,0.612,0.10099999999999999,1.9,11.4,6.5,9.9,1.9,1.4,9.7,14.5,,0.1,1.2,1.4,0.045,,-1.5,0.1,-1.4,0.2,41,5.3,14.2,0.374,3.0,8.7,0.348,2.3,5.5,0.41600000000000004,1.1,1.4,0.8,0.9,5.0,5.8,3.6,1.9,0.8,1.6,4.0,14.8,103.0,112
36,Terrence Ross\rosste01,2019,SG,27,ORL,81,2150,15.4,0.561,0.551,0.14,1.3,12.8,7.0,9.9,1.6,1.1,7.6,23.9,,1.7,2.6,4.3,0.095,,1.0,-1.3,-0.3,0.9,0,10.0,23.4,0.428,4.9,12.9,0.38299999999999995,5.1,10.5,0.484,2.9,3.3,0.875,0.6,5.8,6.4,3.1,1.6,0.7,2.0,2.7,27.8,108.0,109
37,Bojan Bogdanovic\bogdabo02,2019,SF,29,IND,81,2573,16.1,0.613,0.36700000000000005,0.29,1.5,12.7,7.2,9.5,1.3,0.0,10.2,22.4,,3.9,2.8,6.8,0.126,,1.4,-1.4,0.0,1.3,81,9.9,20.0,0.49700000000000005,3.1,7.3,0.425,6.8,12.6,0.5379999999999999,4.7,5.8,0.807,0.6,5.7,6.3,3.1,1.3,0.0,2.5,2.6,27.6,114.0,110
38,Rudy Gay\gayru01,2019,PF,32,SAS,69,1842,17.5,0.583,0.247,0.19699999999999998,3.8,23.9,13.9,14.7,1.4,1.6,12.3,22.1,,2.2,2.2,4.4,0.115,,0.2,0.8,1.0,1.4,51,10.0,19.8,0.504,2.0,4.9,0.402,8.0,14.9,0.537,3.2,3.9,0.816,1.7,10.8,12.5,4.8,1.4,0.9,3.0,4.2,25.1,111.0,109
39,Danny Green\greenda02,2019,SG,31,TOR,80,2216,13.0,0.632,0.69,0.07,3.0,12.2,7.7,7.7,1.6,2.0,10.4,14.1,,3.0,2.9,5.9,0.128,,1.7,1.2,2.9,2.7,80,6.3,13.6,0.465,4.3,9.4,0.455,2.1,4.2,0.48700000000000004,0.8,1.0,0.841,1.3,5.6,6.9,2.7,1.6,1.1,1.6,3.7,17.8,119.0,108
40,Darren Collison\collida01,2019,PG,31,IND,76,2143,16.7,0.574,0.294,0.28800000000000003,1.9,9.9,6.0,29.9,2.5,0.4,14.4,17.7,,3.9,2.9,6.8,0.153,,1.2,0.0,1.2,1.8,76,7.0,15.0,0.467,1.8,4.4,0.40700000000000003,5.2,10.6,0.49200000000000005,3.6,4.3,0.8320000000000001,0.8,4.5,5.3,10.5,2.5,0.2,2.9,3.1,19.5,118.0,108
41,Jared Dudley\dudleja01,2019,PF,33,BRK,59,1220,7.8,0.5539999999999999,0.632,0.192,2.9,10.4,6.7,9.2,1.4,1.0,14.2,10.4,,0.6,1.2,1.8,0.07,,-1.7,1.0,-0.7,0.4,25,3.9,9.3,0.423,2.1,5.9,0.35100000000000003,1.9,3.4,0.545,1.2,1.8,0.696,1.3,4.7,6.0,3.2,1.4,0.6,1.7,5.1,11.2,110.0,111
42,Rajon Rondo\rondora01,2019,PG,32,LAL,46,1369,12.1,0.473,0.32899999999999996,0.083,2.6,15.5,9.2,35.5,1.9,0.4,22.1,17.4,,-0.2,1.5,1.3,0.047,,-2.0,0.5,-1.6,0.1,29,5.9,14.7,0.405,1.7,4.8,0.359,4.2,9.9,0.428,0.8,1.2,0.639,1.2,7.1,8.3,12.5,1.9,0.2,4.3,3.4,14.4,100.0,110
43,Kosta Koufos\koufoko01,2019,C,29,SAC,42,502,12.3,0.47700000000000004,0.0,0.157,10.4,26.3,18.2,9.5,1.4,3.1,14.2,15.7,,0.0,0.7,0.7,0.063,,-4.3,1.8,-2.5,-0.1,1,6.8,14.2,0.47700000000000004,0.0,0.0,,6.8,14.2,0.47700000000000004,0.9,2.2,0.41700000000000004,4.8,11.6,16.4,3.3,1.4,1.7,2.5,6.3,14.5,101.0,108
44,Julius Randle\randlju01,2019,PF,24,NOP,73,2232,21.0,0.6,0.179,0.447,7.6,21.6,14.7,15.8,1.1,1.6,13.8,27.8,,4.2,1.9,6.1,0.131,,1.8,-0.4,1.4,1.9,49,11.9,22.7,0.524,1.4,4.1,0.344,10.5,18.6,0.564,7.4,10.1,0.731,3.4,9.8,13.2,4.8,1.1,0.9,4.3,5.1,32.6,113.0,112
45,Markieff Morris\morrima02,2019,PF,29,TOT,58,1270,11.7,0.521,0.419,0.19,5.0,17.5,11.1,8.8,1.3,1.5,9.3,19.1,,0.6,1.1,1.6,0.061,,-1.7,-1.1,-2.8,-0.3,16,7.6,18.0,0.42100000000000004,2.5,7.5,0.335,5.0,10.4,0.484,2.6,3.4,0.772,2.3,7.6,9.8,2.9,1.3,0.8,2.0,6.5,20.3,106.0,112
46,Jerryd Bayless\bayleje01,2019,PG,30,MIN,34,657,8.5,0.431,0.426,0.122,1.8,8.4,5.0,24.6,1.3,0.3,11.7,17.6,,-0.2,0.2,0.0,-0.003,,-2.4,-2.7,-5.1,-0.5,6,6.0,16.8,0.35700000000000004,2.1,7.1,0.29600000000000004,3.9,9.6,0.402,1.2,2.0,0.5710000000000001,0.8,3.7,4.5,8.7,1.3,0.1,2.3,4.1,15.2,98.0,117
47,Garrett Temple\templga01,2019,SG,32,TOT,75,2040,8.5,0.5429999999999999,0.535,0.217,1.5,10.2,5.8,7.4,1.8,1.4,11.5,13.2,,0.3,2.0,2.2,0.052000000000000005,,-1.7,0.6,-1.2,0.4,55,5.0,11.9,0.42200000000000004,2.2,6.3,0.341,2.8,5.5,0.515,1.9,2.6,0.748,0.7,4.5,5.2,2.5,1.8,0.7,1.7,4.9,14.1,103.0,111
48,Cory Joseph\josepco01,2019,PG,27,IND,82,2063,11.0,0.474,0.312,0.078,2.1,12.6,7.5,20.7,2.2,0.9,12.4,13.7,,0.5,2.9,3.5,0.081,,-2.0,1.4,-0.5,0.8,9,5.4,13.0,0.41200000000000003,1.3,4.1,0.322,4.1,8.9,0.45399999999999996,0.7,1.0,0.698,0.9,5.7,6.6,7.6,2.2,0.5,1.9,3.1,12.7,105.0,107
49,JaMychal Green\greenja01,2019,PF,28,TOT,65,1371,14.7,0.5870000000000001,0.37,0.212,8.3,24.3,16.4,5.8,1.6,2.3,14.3,19.4,,0.9,1.9,2.9,0.10099999999999999,,-1.5,0.0,-1.5,0.2,6,8.2,16.9,0.483,2.5,6.3,0.40299999999999997,5.7,10.7,0.53,2.8,3.6,0.792,3.7,10.9,14.6,1.8,1.6,1.2,3.1,6.9,21.8,108.0,107
50,Jeremy Lamb\lambje01,2019,SG,26,CHO,79,2250,17.3,0.552,0.337,0.266,3.1,18.1,10.4,11.9,1.9,1.2,6.8,22.5,,3.3,2.0,5.3,0.113,,0.6,-0.6,0.1,1.2,55,9.3,21.2,0.44,2.5,7.1,0.348,6.8,14.0,0.48700000000000004,5.0,5.6,0.888,1.4,8.0,9.4,3.7,1.9,0.7,1.7,3.0,26.1,113.0,111
51,Dewayne Dedmon\dedmode01,2019,C,29,ATL,64,1609,16.0,0.602,0.413,0.215,6.7,25.0,15.7,8.1,2.0,3.8,12.7,16.7,,2.1,1.9,4.0,0.11900000000000001,,-0.4,1.7,1.3,1.3,52,7.4,15.1,0.49200000000000005,2.4,6.2,0.382,5.1,8.9,0.57,2.6,3.2,0.8140000000000001,3.0,10.8,13.8,2.6,2.0,2.0,2.4,6.1,19.9,115.0,109
52,D'Angelo Russell\russeda01,2019,PG,22,BRK,81,2448,19.4,0.5329999999999999,0.419,0.135,2.3,11.2,6.8,41.3,1.9,0.6,13.6,31.9,,2.4,2.6,5.0,0.09699999999999999,,3.9,-0.5,3.4,3.3,81,12.8,29.5,0.434,4.5,12.3,0.369,8.3,17.1,0.48200000000000004,3.1,4.0,0.78,1.0,5.1,6.1,10.9,1.9,0.4,4.9,2.7,33.3,107.0,110
53,Boban Marjanovic\marjabo01,2019,C,30,TOT,58,681,24.2,0.664,0.038,0.504,14.0,26.9,20.6,12.8,1.1,3.1,15.7,23.3,,2.1,0.9,3.0,0.212,,1.4,0.5,1.9,0.7,12,11.1,18.0,0.615,0.3,0.7,0.4,10.8,17.3,0.624,6.8,9.1,0.748,6.0,12.3,18.4,3.7,1.1,1.9,4.1,6.2,29.3,123.0,107
54,Al-Farouq Aminu\aminual01,2019,PF,28,POR,81,2292,13.2,0.568,0.47200000000000003,0.292,5.3,22.6,14.2,6.0,1.4,1.2,9.7,13.7,,3.0,2.8,5.8,0.121,,0.1,0.8,0.9,1.7,81,5.4,12.5,0.433,2.0,5.9,0.34299999999999997,3.4,6.6,0.514,3.2,3.7,0.867,2.4,10.5,12.9,2.2,1.4,0.7,1.5,3.0,16.1,118.0,109
55,Mario Hezonja\hezonma01,2019,SF,23,NYK,58,1206,10.8,0.49700000000000005,0.32799999999999996,0.24600000000000002,2.4,18.7,10.4,11.5,2.3,0.6,14.6,21.3,,-1.1,1.1,-0.1,-0.003,,-3.6,-0.4,-4.0,-0.6,24,7.6,18.5,0.41200000000000003,1.7,6.1,0.276,6.0,12.5,0.478,3.5,4.6,0.763,1.1,8.4,9.6,3.5,2.3,0.3,3.5,4.4,20.4,94.0,112
56,Milos Teodosic\teodomi01,2019,PG,31,LAC,15,150,6.5,0.557,0.675,0.175,2.2,8.9,5.7,28.8,0.9,0.5,32.8,18.0,,-0.1,0.1,-0.1,-0.019,,-2.9,-3.2,-6.1,-0.2,0,5.3,12.6,0.425,3.1,8.5,0.37,2.2,4.1,0.5379999999999999,1.3,2.2,0.5710000000000001,0.9,4.1,5.0,10.1,0.9,0.3,6.6,8.5,15.1,94.0,115
57,Wayne Ellington\ellinwa01,2019,SG,31,TOT,53,1297,11.8,0.569,0.8140000000000001,0.107,1.1,7.9,4.5,8.3,2.0,0.4,7.7,17.2,,1.3,1.4,2.6,0.09699999999999999,,1.2,-1.0,0.2,0.7,38,7.0,17.3,0.40299999999999997,5.2,14.1,0.371,1.7,3.2,0.541,1.5,1.9,0.7959999999999999,0.5,3.5,4.1,2.7,2.0,0.2,1.5,3.5,20.6,112.0,110
58,Wesley Johnson\johnswe01,2019,SF,31,TOT,38,534,5.5,0.469,0.594,0.14800000000000002,2.4,11.7,7.1,5.3,1.2,1.9,11.7,12.0,,-0.3,0.3,0.0,0.001,,-3.6,-0.7,-4.3,-0.3,13,3.9,11.2,0.35200000000000004,2.2,6.7,0.32899999999999996,1.8,4.6,0.385,1.1,1.7,0.684,1.1,5.3,6.3,2.0,1.2,1.1,1.6,5.5,11.2,94.0,115
59,Ish Smith\smithis01,2019,PG,30,DET,56,1251,11.8,0.485,0.276,0.127,1.9,11.1,6.3,25.4,1.1,0.7,10.6,19.9,,0.5,1.1,1.7,0.064,,-1.7,-1.1,-2.8,-0.3,0,8.1,19.3,0.419,1.7,5.3,0.326,6.3,14.0,0.455,1.9,2.4,0.758,0.9,4.8,5.7,8.0,1.1,0.4,2.4,4.3,19.7,105.0,112
60,Anthony Tolliver\tollian01,2019,PF,33,MIN,65,1079,8.6,0.5710000000000001,0.83,0.23199999999999998,1.5,16.2,8.8,5.5,0.8,1.7,11.2,12.5,,0.6,0.5,1.2,0.052000000000000005,,-1.2,-1.0,-2.2,-0.1,0,4.4,11.5,0.382,3.6,9.5,0.377,0.8,2.0,0.409,2.1,2.7,0.7829999999999999,0.7,7.2,7.9,2.0,0.8,0.9,1.6,4.0,14.5,110.0,115
61,Ben McLemore\mclembe01,2019,SG,25,SAC,19,158,10.5,0.541,0.6409999999999999,0.188,1.9,9.4,5.5,3.4,1.8,1.6,6.7,19.4,,0.1,0.1,0.2,0.055,,-1.1,-2.6,-3.7,-0.1,0,7.4,18.9,0.391,5.0,12.1,0.415,2.4,6.8,0.348,2.4,3.5,0.667,0.9,4.1,5.0,1.2,1.8,0.9,1.5,6.5,22.1,105.0,113
62,Alex Abrines\abrinal01,2019,SG,25,OKC,31,588,6.3,0.507,0.809,0.083,0.9,7.8,4.2,4.3,1.3,0.9,7.9,12.2,,0.1,0.6,0.6,0.053,,-2.4,-0.9,-3.4,-0.2,2,4.4,12.5,0.35700000000000004,3.3,10.1,0.32299999999999995,1.2,2.4,0.5,1.0,1.0,0.9229999999999999,0.4,3.4,3.8,1.6,1.3,0.5,1.1,4.2,13.1,103.0,111
63,Jason Smith\smithja02,2019,PF-C,32,TOT,20,190,9.8,0.49200000000000005,0.441,0.271,9.0,20.2,14.6,9.7,0.7,3.1,16.4,17.5,,0.0,0.2,0.2,0.038,,-3.7,-0.6,-4.3,-0.1,1,5.2,14.6,0.35600000000000004,2.2,6.4,0.34600000000000003,3.0,8.2,0.364,3.5,4.0,0.875,4.0,8.9,12.9,3.5,0.7,1.7,3.2,7.4,16.1,100.0,111
64,Marcus Morris\morrima03,2019,PF,29,BOS,75,2091,14.2,0.568,0.461,0.205,3.9,19.5,11.7,7.5,1.0,1.1,9.1,20.9,,2.1,2.5,4.5,0.10400000000000001,,-0.4,-1.0,-1.4,0.3,53,8.7,19.4,0.447,3.4,9.0,0.375,5.3,10.5,0.508,3.4,4.0,0.8440000000000001,1.8,8.8,10.6,2.5,1.0,0.6,2.1,4.2,24.1,110.0,109
65,DeMarcus Cousins\couside01,2019,C,28,GSW,30,771,21.4,0.562,0.256,0.38799999999999996,6.2,27.0,17.1,20.4,2.5,4.8,14.2,28.1,,0.9,1.5,2.4,0.151,,0.2,3.4,3.6,1.1,30,11.0,22.9,0.48,1.6,5.9,0.27399999999999997,9.4,17.0,0.551,6.5,8.9,0.736,2.7,12.6,15.2,6.6,2.5,2.7,4.4,6.7,30.1,109.0,102
66,Thabo Sefolosha\sefolth01,2019,SF,34,UTA,50,609,12.1,0.599,0.523,0.14800000000000002,1.4,20.1,10.9,6.1,3.4,0.7,13.6,12.9,,0.2,1.2,1.5,0.115,,-2.0,2.6,0.6,0.4,2,5.6,11.7,0.47700000000000004,2.7,6.1,0.436,2.9,5.6,0.521,1.1,1.7,0.636,0.6,9.0,9.7,2.1,3.4,0.4,2.0,3.2,14.9,107.0,102
67,Patrick Beverley\beverpa01,2019,PG,30,LAC,78,2137,11.8,0.561,0.591,0.258,3.9,15.0,9.6,18.4,1.5,1.6,13.8,12.2,,2.8,2.0,4.8,0.10800000000000001,,1.2,1.2,2.4,2.3,49,4.3,10.5,0.40700000000000003,2.5,6.2,0.397,1.8,4.3,0.42100000000000004,2.1,2.7,0.78,1.7,6.9,8.6,6.6,1.5,0.9,1.9,5.9,13.2,119.0,111
68,Mike Muscala\muscami01,2019,PF,27,TOT,64,1306,10.8,0.564,0.7090000000000001,0.235,4.7,14.7,9.8,7.7,0.8,2.3,10.8,14.3,,1.2,1.2,2.5,0.091,,-0.3,-0.3,-0.7,0.4,10,5.2,13.0,0.402,3.2,9.2,0.348,2.0,3.8,0.5329999999999999,2.5,3.1,0.8240000000000001,2.1,6.7,8.8,2.7,0.8,1.4,1.7,4.7,16.2,113.0,111
69,Dirk Nowitzki\nowitdi01,2019,PF,40,DAL,51,795,9.6,0.469,0.545,0.133,0.7,20.5,10.6,6.9,0.5,1.9,4.3,22.5,,-0.5,0.8,0.3,0.016,,-3.8,-2.1,-5.9,-0.8,20,8.2,22.9,0.359,3.9,12.5,0.312,4.3,10.4,0.415,2.4,3.1,0.78,0.3,9.3,9.6,2.1,0.5,1.1,1.1,4.6,22.8,96.0,111
70,Tony Parker\parketo01,2019,PG,36,CHO,56,1003,15.3,0.512,0.11,0.268,1.5,7.6,4.5,33.3,1.0,0.6,12.7,25.5,,0.6,0.3,0.9,0.044000000000000004,,-1.5,-3.7,-5.3,-0.8,0,10.3,22.4,0.46,0.6,2.5,0.255,9.7,20.0,0.485,4.4,6.0,0.7340000000000001,0.7,3.3,4.0,10.0,1.0,0.3,3.6,2.6,25.7,106.0,117
71,Willie Cauley-Stein\caulewi01,2019,C,25,SAC,81,2213,18.0,0.5660000000000001,0.003,0.34299999999999997,8.2,23.7,15.8,12.3,2.0,2.0,9.0,17.5,,3.8,2.9,6.7,0.146,,-0.2,2.2,2.0,2.3,81,8.7,15.6,0.556,0.0,0.0,0.5,8.6,15.5,0.556,2.9,5.3,0.551,3.8,10.5,14.3,4.1,2.0,1.1,1.8,4.8,20.3,118.0,108
72,Dragan Bender\bendedr01,2019,PF,21,PHO,46,826,9.5,0.521,0.513,0.27399999999999997,4.5,20.3,12.3,9.4,1.0,2.2,14.4,13.4,,0.0,0.4,0.5,0.027000000000000003,,-3.1,-0.3,-3.4,-0.3,27,5.1,11.4,0.447,1.3,5.8,0.218,3.8,5.5,0.688,1.8,3.1,0.593,2.0,8.6,10.6,3.2,1.0,1.3,2.1,5.2,13.3,102.0,115
73,Ron Baker\bakerro01,2019,SG,25,TOT,15,152,2.5,0.309,0.65,0.3,0.7,7.1,3.8,12.8,1.9,0.6,18.1,7.8,,-0.2,0.1,-0.1,-0.034,,-5.9,-0.7,-6.6,-0.2,0,1.3,6.3,0.2,0.3,4.1,0.077,0.9,2.2,0.429,1.6,1.9,0.833,0.3,3.2,3.5,4.7,1.9,0.3,1.6,5.7,4.4,79.0,116
74,Lance Stephenson\stephla01,2019,SG,28,LAL,68,1123,11.8,0.529,0.456,0.16899999999999998,3.0,16.5,9.9,17.3,1.7,0.5,15.6,20.3,,-0.1,1.2,1.1,0.049,,-1.7,-0.4,-2.1,0.0,3,7.6,17.9,0.426,3.0,8.2,0.371,4.6,9.7,0.47200000000000003,2.1,3.0,0.685,1.3,7.6,8.9,5.8,1.7,0.3,3.6,4.6,20.3,101.0,110
75,Kyle O'Quinn\oquinky01,2019,C,28,IND,45,371,16.8,0.537,0.08800000000000001,0.154,8.9,26.4,17.8,22.4,1.2,6.0,17.6,20.8,,0.2,0.8,1.0,0.125,,-2.4,4.1,1.8,0.4,3,9.1,17.9,0.507,0.1,1.6,0.083,9.0,16.3,0.5479999999999999,2.2,2.8,0.81,3.8,11.9,15.7,7.4,1.2,3.3,4.1,9.0,20.6,106.0,102
76,Ed Davis\davised01,2019,C,29,BRK,81,1446,17.3,0.632,0.006999999999999999,0.536,15.8,34.6,25.2,6.0,1.2,1.8,14.6,12.7,,3.3,2.5,5.7,0.191,,-1.4,1.7,0.4,0.9,1,6.1,9.9,0.616,0.0,0.1,0.0,6.1,9.9,0.62,3.3,5.3,0.617,7.1,15.7,22.8,2.0,1.2,1.1,2.1,7.4,15.5,129.0,105
77,Justin Holiday\holidju01,2019,SG,29,TOT,82,2607,10.0,0.52,0.598,0.136,1.9,11.9,6.8,8.1,2.3,1.2,11.2,15.7,,-0.4,2.5,2.1,0.038,,-1.3,0.6,-0.8,0.8,77,5.6,14.6,0.386,3.0,8.8,0.348,2.6,5.9,0.442,1.8,2.0,0.8959999999999999,0.9,5.2,6.1,2.7,2.3,0.7,2.0,3.1,16.1,100.0,111
78,Mike Scott\scottmi01,2019,PF,30,TOT,79,1395,8.6,0.528,0.6,0.079,3.4,17.2,10.5,6.4,0.9,0.7,9.2,14.4,,0.4,1.2,1.6,0.053,,-1.5,-1.2,-2.7,-0.2,3,5.7,14.2,0.4,3.4,8.5,0.401,2.3,5.7,0.39899999999999997,0.7,1.1,0.667,1.5,7.9,9.3,2.2,0.9,0.4,1.5,5.3,15.5,105.0,112
80,Emmanuel Mudiay\mudiaem01,2019,PG,22,NYK,59,1607,14.6,0.531,0.284,0.251,2.1,10.9,6.4,24.2,1.3,1.0,14.6,25.6,,0.1,0.7,0.8,0.023,,-0.5,-1.9,-2.4,-0.2,42,9.9,22.2,0.446,2.1,6.3,0.32899999999999996,7.8,15.9,0.49200000000000005,4.3,5.6,0.774,1.0,4.9,5.9,6.8,1.3,0.6,4.2,3.1,26.2,102.0,116
81,Stanley Johnson\johnsst04,2019,SF,22,TOT,66,1208,9.6,0.485,0.489,0.145,3.0,16.9,9.7,10.6,2.4,1.0,14.7,19.4,,-1.1,1.6,0.5,0.021,,-3.2,0.6,-2.6,-0.2,7,6.9,17.7,0.389,2.5,8.7,0.28800000000000003,4.4,9.1,0.484,2.0,2.6,0.7809999999999999,1.4,7.4,8.7,3.5,2.4,0.6,3.3,4.6,18.3,94.0,108
82,J.J. Barea\bareajo01,2019,PG,34,DAL,38,752,16.3,0.495,0.332,0.203,1.9,11.6,6.8,47.5,1.4,0.1,14.7,28.1,,0.4,0.6,1.0,0.064,,1.1,-2.2,-1.1,0.2,0,10.4,24.8,0.418,2.5,8.3,0.297,7.9,16.6,0.479,3.5,5.0,0.705,0.8,5.3,6.1,13.6,1.4,0.1,4.6,3.2,26.8,105.0,113
83,Frank Kaminsky\kaminfr01,2019,C,25,CHO,47,755,16.8,0.5870000000000001,0.466,0.359,5.5,18.1,11.7,12.9,0.8,1.4,10.6,22.1,,1.3,0.5,1.8,0.114,,1.1,-1.9,-0.9,0.2,0,8.9,19.2,0.46299999999999997,3.2,9.0,0.36,5.7,10.2,0.5529999999999999,5.1,6.9,0.738,2.5,8.0,10.5,4.1,0.8,0.8,2.6,4.4,26.1,115.0,114
84,Michael Beasley\beaslmi01,2019,PF,30,LAL,26,277,15.9,0.532,0.111,0.255,4.9,17.2,11.2,14.8,1.5,3.0,13.7,29.5,,-0.1,0.4,0.2,0.039,,-3.7,-0.4,-4.0,-0.1,2,12.6,25.7,0.49,0.5,2.9,0.17600000000000002,12.1,22.8,0.529,4.7,6.6,0.718,2.2,7.9,10.1,4.2,1.5,1.7,4.5,7.1,30.4,99.0,108
85,Rodney Hood\hoodro01,2019,SG,26,TOT,72,1893,12.3,0.545,0.35200000000000004,0.231,1.4,7.9,4.6,10.0,1.5,0.5,6.9,18.1,,2.1,0.5,2.6,0.065,,-0.2,-2.1,-2.4,-0.2,49,7.6,17.5,0.435,2.2,6.1,0.35600000000000004,5.4,11.3,0.478,3.6,4.0,0.884,0.7,3.4,4.1,3.3,1.5,0.3,1.4,3.8,20.9,112.0,117
86,Jodie Meeks\meeksjo01,2019,SG,31,TOR,8,104,16.0,0.647,0.462,0.026000000000000002,1.1,11.1,6.2,11.5,0.5,0.8,4.8,17.1,,0.2,0.1,0.3,0.153,,1.4,-2.2,-0.8,0.0,0,9.7,18.0,0.5379999999999999,3.7,8.3,0.444,6.0,9.7,0.619,0.5,0.5,1.0,0.5,5.1,5.5,3.7,0.5,0.5,0.9,2.3,23.5,127.0,112
87,Brook Lopez\lopezbr01,2019,C,30,MIL,81,2322,14.6,0.597,0.6509999999999999,0.16899999999999998,1.5,15.0,8.7,5.7,1.0,6.5,8.9,16.7,,2.3,4.3,6.7,0.138,,-0.2,2.9,2.7,2.8,81,7.1,15.7,0.452,3.7,10.2,0.365,3.4,5.5,0.613,2.2,2.7,0.8420000000000001,0.7,7.3,7.9,2.0,1.0,3.6,1.6,3.8,20.2,113.0,103
88,Trey Lyles\lylestr01,2019,PF,23,DEN,64,1120,12.7,0.5,0.40399999999999997,0.23399999999999999,4.2,19.6,11.9,11.3,1.3,1.8,11.1,23.4,,-0.2,1.4,1.2,0.05,,-2.6,-0.7,-3.3,-0.4,2,9.1,21.7,0.418,2.2,8.8,0.255,6.8,12.9,0.529,3.6,5.1,0.698,1.9,8.9,10.8,3.8,1.3,1.0,3.0,4.1,23.9,100.0,109
89,Ekpe Udoh\udohek01,2019,C,31,UTA,51,320,20.9,0.698,0.0,0.41700000000000004,9.3,20.9,15.2,12.8,1.5,7.7,13.2,13.1,,0.9,0.7,1.6,0.23800000000000002,,-0.1,5.7,5.6,0.6,1,7.5,10.8,0.6940000000000001,0.0,0.0,,7.5,10.8,0.6940000000000001,2.8,4.5,0.633,4.0,9.4,13.5,4.2,1.5,4.6,1.9,5.4,17.8,135.0,100
90,Cameron Payne\payneca01,2019,PG,24,TOT,40,712,11.5,0.519,0.377,0.184,2.0,9.2,5.5,21.8,1.9,1.1,15.7,17.6,,0.1,0.3,0.5,0.031,,-1.9,-1.6,-3.5,-0.3,13,6.6,15.3,0.43,1.7,5.8,0.298,4.9,9.5,0.511,2.3,2.8,0.805,0.9,4.0,4.9,7.3,1.9,0.6,3.1,4.4,17.1,103.0,115
91,Troy Daniels\danietr01,2019,SG,27,PHO,51,760,9.8,0.5579999999999999,0.705,0.084,1.9,8.9,5.3,5.0,1.6,0.5,8.7,17.6,,0.2,0.1,0.3,0.02,,-1.0,-3.4,-4.4,-0.5,1,7.1,17.3,0.41100000000000003,4.6,12.2,0.381,2.5,5.1,0.48100000000000004,1.1,1.4,0.7829999999999999,0.8,3.8,4.6,1.6,1.6,0.3,1.7,5.0,20.0,104.0,118
92,Kelly Oubre\oubreke01,2019,SF,23,TOT,69,1935,15.2,0.551,0.401,0.29,4.0,14.6,9.2,6.8,2.1,2.5,9.8,23.2,,0.9,1.3,2.2,0.054000000000000006,,-0.9,-1.2,-2.2,-0.1,19,9.2,20.7,0.445,2.7,8.3,0.32,6.6,12.4,0.53,4.6,6.0,0.775,1.7,6.2,8.0,2.1,2.1,1.5,2.5,4.5,25.8,105.0,113
93,Marquese Chriss\chrisma01,2019,PF,21,TOT,43,499,9.2,0.455,0.4,0.25,8.6,23.6,15.8,6.5,1.7,1.9,15.3,20.6,,-0.6,0.4,-0.2,-0.023,,-4.8,-1.4,-6.2,-0.5,2,6.7,17.9,0.37200000000000005,1.6,7.1,0.222,5.1,10.7,0.47200000000000003,3.2,4.5,0.711,4.0,10.1,14.1,2.2,1.7,1.1,3.6,8.0,18.1,92.0,113
94,Tomas Satoransky\satorto01,2019,PG,27,WAS,80,2164,14.1,0.59,0.306,0.302,4.0,10.0,7.0,24.6,1.8,0.5,16.7,14.1,,3.8,0.9,4.7,0.10400000000000001,,0.4,-1.0,-0.6,0.8,54,5.6,11.6,0.485,1.4,3.5,0.395,4.2,8.1,0.524,2.9,3.5,0.8190000000000001,1.8,4.3,6.1,8.7,1.8,0.3,2.6,3.8,15.5,121.0,116
95,Terry Rozier\roziete01,2019,PG,24,BOS,79,1791,12.9,0.501,0.506,0.14,1.9,16.4,9.1,17.7,1.8,1.0,8.8,18.6,,0.9,2.3,3.2,0.086,,-1.0,0.2,-0.7,0.6,14,6.9,17.9,0.387,3.2,9.1,0.353,3.7,8.8,0.42200000000000004,2.0,2.5,0.785,0.9,7.4,8.3,6.2,1.8,0.6,1.8,2.7,19.0,106.0,108
96,Elfrid Payton\paytoel01,2019,PG,24,NOP,42,1250,14.0,0.502,0.255,0.18,4.1,14.0,9.1,33.5,1.6,1.1,20.1,18.3,,0.6,0.9,1.5,0.057999999999999996,,-0.7,-0.1,-0.9,0.4,42,6.7,15.3,0.434,1.2,3.9,0.314,5.4,11.4,0.47600000000000003,2.0,2.8,0.743,1.8,6.4,8.2,11.9,1.6,0.6,4.2,3.0,16.6,106.0,113
97,Seth Curry\curryse01,2019,SG,28,POR,74,1399,11.4,0.595,0.54,0.11199999999999999,2.1,6.9,4.6,6.5,1.2,0.7,11.1,16.6,,1.5,0.9,2.4,0.08199999999999999,,0.5,-1.8,-1.3,0.2,2,7.3,16.1,0.456,3.9,8.7,0.45,3.4,7.4,0.46299999999999997,1.5,1.8,0.846,0.9,3.2,4.2,2.3,1.2,0.4,2.1,3.4,20.1,113.0,114
98,Sam Dekker\dekkesa01,2019,PF,24,TOT,47,788,13.3,0.519,0.242,0.18,7.2,13.5,10.2,8.3,2.3,0.7,8.0,16.2,,0.6,0.5,1.0,0.064,,-1.5,-0.8,-2.3,-0.1,5,7.3,15.5,0.469,1.2,3.8,0.306,6.1,11.8,0.521,1.7,2.8,0.609,3.2,5.8,9.0,2.8,2.3,0.4,1.5,2.9,17.4,109.0,114
100,Jerian Grant\grantje02,2019,PG,26,ORL,60,939,10.8,0.526,0.5,0.182,2.1,9.1,5.6,22.4,2.3,0.5,17.7,13.4,,0.5,1.1,1.7,0.085,,-1.9,-0.1,-2.0,0.0,1,4.8,11.5,0.418,2.1,5.7,0.364,2.7,5.7,0.473,1.4,2.1,0.65,1.0,4.1,5.1,8.1,2.3,0.3,2.7,4.1,13.0,108.0,109
101,Delon Wright\wrighde01,2019,PG,26,TOT,75,1699,15.5,0.523,0.301,0.26899999999999996,4.4,12.8,8.6,21.6,2.5,1.6,11.0,18.1,,1.9,2.4,4.3,0.121,,0.0,1.5,1.5,1.5,13,6.9,16.0,0.434,1.4,4.8,0.298,5.5,11.2,0.49200000000000005,3.4,4.3,0.7929999999999999,2.0,5.7,7.6,7.1,2.5,0.9,2.2,3.0,18.7,112.0,107
102,Justin Anderson\anderju01,2019,SF,25,ATL,48,463,11.2,0.516,0.49,0.223,5.3,13.9,9.5,6.9,2.2,2.4,11.8,17.2,,0.1,0.4,0.4,0.043,,-2.6,-0.7,-3.3,-0.1,4,6.4,15.7,0.408,2.4,7.7,0.312,4.0,8.0,0.5,2.6,3.5,0.743,2.4,6.0,8.4,2.3,2.2,1.3,2.3,4.8,17.8,103.0,113
103,Dante Cunningham\cunnida01,2019,PF,31,SAS,64,928,10.2,0.585,0.41100000000000003,0.114,5.7,16.3,11.0,6.8,1.4,1.2,11.7,8.9,,1.0,0.9,1.9,0.09699999999999999,,-1.0,0.8,-0.1,0.4,21,3.9,8.3,0.475,1.6,3.4,0.462,2.4,4.9,0.484,0.7,0.9,0.778,2.5,7.4,9.9,2.6,1.4,0.7,1.2,3.7,10.2,121.0,111
104,Reggie Bullock\bullore01,2019,SG,27,TOT,63,1879,10.5,0.563,0.662,0.14300000000000002,1.2,8.8,4.9,10.1,1.0,0.5,9.3,15.8,,1.6,1.4,3.1,0.078,,0.1,-1.0,-0.9,0.5,60,6.3,15.3,0.41200000000000003,3.8,10.1,0.377,2.5,5.2,0.483,1.9,2.2,0.8590000000000001,0.6,3.9,4.5,3.3,1.0,0.3,1.7,2.8,18.4,111.0,113
105,Bobby Portis\portibo01,2019,PF,23,TOT,50,1299,16.1,0.529,0.304,0.154,9.0,24.9,16.8,8.8,1.3,1.3,9.9,24.6,,0.5,1.1,1.6,0.06,,-1.2,-1.7,-2.9,-0.3,28,10.3,23.1,0.444,2.8,7.0,0.39299999999999996,7.5,16.1,0.467,2.8,3.6,0.794,4.0,10.8,14.8,2.7,1.3,0.7,2.7,5.3,26.1,104.0,112
106,Rondae Hollis-Jefferson\holliro01,2019,SF,24,BRK,59,1234,12.5,0.46399999999999997,0.10099999999999999,0.376,7.1,19.2,13.2,11.7,1.7,1.7,10.7,21.6,,-0.5,1.7,1.2,0.047,,-4.3,1.2,-3.0,-0.3,21,7.7,18.8,0.41100000000000003,0.3,1.9,0.184,7.4,16.9,0.436,4.6,7.1,0.645,3.2,8.8,12.0,3.7,1.7,1.0,2.6,4.1,20.3,99.0,108
107,Tyus Jones\jonesty01,2019,PG,22,MIN,68,1560,13.7,0.491,0.28300000000000003,0.155,1.6,7.7,4.6,28.3,2.5,0.3,9.0,14.1,,2.1,0.9,3.0,0.091,,-0.3,-1.5,-1.8,0.1,23,5.7,13.7,0.415,1.2,3.9,0.317,4.5,9.8,0.45299999999999996,1.8,2.1,0.841,0.7,3.4,4.1,10.0,2.5,0.2,1.4,2.4,14.4,116.0,114
108,Jarell Martin\martija01,2019,PF,24,ORL,42,328,9.4,0.528,0.5479999999999999,0.106,3.5,20.5,11.9,7.8,0.4,2.0,9.2,15.9,,0.1,0.4,0.5,0.073,,-3.1,-0.8,-3.9,-0.2,1,6.4,15.5,0.413,3.0,8.5,0.35100000000000003,3.4,7.0,0.489,1.3,1.6,0.818,1.6,9.3,10.9,2.7,0.4,1.2,1.6,7.6,17.2,105.0,109
109,Jeff Green\greenje02,2019,PF,32,WAS,77,2097,13.6,0.608,0.466,0.3,2.9,13.3,8.0,9.2,1.0,1.6,11.5,17.8,,2.8,0.8,3.6,0.083,,0.2,-1.4,-1.2,0.4,44,7.4,15.5,0.475,2.5,7.2,0.34700000000000003,4.9,8.3,0.586,4.1,4.7,0.888,1.3,5.7,7.0,3.1,1.0,0.9,2.3,3.6,21.4,115.0,116
110,Amir Johnson\johnsam01,2019,C,31,PHI,51,529,13.1,0.574,0.255,0.261,9.7,19.5,14.7,16.0,1.4,1.9,20.5,17.4,,0.4,0.7,1.1,0.098,,-1.4,0.6,-0.7,0.2,6,7.1,14.0,0.503,1.1,3.6,0.3,6.0,10.4,0.573,2.8,3.7,0.7559999999999999,4.2,8.9,13.1,5.4,1.4,1.2,4.0,8.8,17.9,109.0,109
111,Raymond Felton\feltora01,2019,PG,34,OKC,33,379,11.2,0.505,0.452,0.096,1.1,8.4,4.6,18.7,1.2,1.3,9.0,16.6,,0.3,0.4,0.7,0.087,,-2.3,-1.9,-4.2,-0.2,0,6.8,16.6,0.40700000000000003,2.5,7.5,0.32799999999999996,4.3,9.1,0.473,1.5,1.6,0.9229999999999999,0.5,3.7,4.2,6.4,1.2,0.7,1.7,3.6,17.5,110.0,111
112,Luol Deng\denglu01,2019,SF,33,MIN,22,392,14.6,0.588,0.373,0.297,5.4,14.6,10.0,6.5,1.8,1.7,9.5,15.8,,0.5,0.3,0.8,0.10099999999999999,,-0.2,-0.5,-0.6,0.1,2,7.2,14.4,0.5,1.7,5.4,0.318,5.5,9.0,0.608,3.1,4.3,0.7140000000000001,2.4,6.5,8.9,2.2,1.8,1.0,1.7,2.9,19.2,117.0,113
114,Dwyane Wade\wadedw01,2019,SG,37,MIA,72,1885,15.8,0.51,0.272,0.243,3.9,12.2,8.0,26.5,1.5,1.8,13.5,27.9,,0.1,2.3,2.4,0.061,,-0.4,0.0,-0.5,0.7,2,10.8,24.9,0.433,2.2,6.8,0.33,8.6,18.1,0.47200000000000003,4.3,6.0,0.708,1.8,5.6,7.4,7.8,1.5,1.0,4.3,3.1,28.1,102.0,109
115,JaVale McGee\mcgeeja01,2019,C,31,LAL,75,1671,21.8,0.634,0.019,0.237,12.3,22.5,17.5,4.8,1.3,7.3,13.2,20.2,,3.0,2.9,5.9,0.171,,-0.9,2.8,1.9,1.7,62,11.1,17.9,0.624,0.0,0.3,0.083,11.1,17.5,0.634,2.7,4.2,0.632,5.4,10.3,15.8,1.4,1.3,4.1,3.0,5.8,25.0,117.0,104
116,Gerald Green\greenge01,2019,SG,33,HOU,73,1473,11.4,0.555,0.763,0.11800000000000001,2.2,11.7,6.8,4.1,1.1,1.6,8.3,19.5,,0.9,1.0,1.9,0.061,,-0.8,-2.6,-3.4,-0.5,0,7.7,19.2,0.4,5.2,14.7,0.354,2.5,4.6,0.547,1.9,2.3,0.838,1.0,5.1,6.1,1.3,1.1,0.9,1.8,4.2,22.5,107.0,113
117,Andrew Bogut\bogutan01,2019,C,34,GSW,11,134,13.4,0.523,0.0,0.083,10.0,32.8,21.9,10.6,1.1,5.0,17.7,14.5,,0.1,0.2,0.3,0.111,,-4.3,3.1,-1.3,0.0,5,6.4,12.8,0.5,0.0,0.0,,6.4,12.8,0.5,1.1,1.1,1.0,4.3,15.3,19.5,3.9,1.1,2.8,2.8,7.8,13.8,107.0,104
118,Jose Calderon\caldejo01,2019,PG,37,DET,49,632,7.1,0.45299999999999996,0.475,0.092,1.8,8.8,5.2,24.9,1.2,0.4,21.9,10.9,,0.0,0.5,0.6,0.043,,-4.0,-1.2,-5.1,-0.5,0,3.5,9.4,0.375,1.1,4.4,0.24600000000000002,2.4,4.9,0.49200000000000005,0.7,0.9,0.818,0.9,3.8,4.7,9.0,1.2,0.2,2.7,5.0,8.8,102.0,112
119,Zaza Pachulia\pachuza01,2019,C,34,DET,68,878,13.7,0.539,0.021,0.642,11.9,21.5,16.5,14.7,1.7,1.6,18.7,15.0,,1.1,1.3,2.3,0.128,,-2.1,2.4,0.2,0.5,3,4.8,10.8,0.44,0.0,0.2,0.0,4.8,10.6,0.45,5.4,7.0,0.782,5.6,9.3,14.9,5.1,1.7,1.0,3.2,8.5,15.0,114.0,107
120,Devin Harris\harride01,2019,PG,35,DAL,68,1071,10.7,0.527,0.5760000000000001,0.386,1.2,9.9,5.6,16.7,1.6,1.3,12.1,18.5,,0.6,0.9,1.5,0.068,,-1.3,-0.9,-2.2,-0.1,2,6.0,15.7,0.38,2.8,9.1,0.31,3.2,6.7,0.47600000000000003,4.6,6.1,0.7609999999999999,0.5,4.5,5.1,5.5,1.6,0.7,2.5,6.0,19.4,107.0,112
121,Channing Frye\fryech01,2019,C,35,CLE,36,341,8.9,0.524,0.675,0.12,1.2,16.4,8.5,8.6,0.9,1.3,9.5,17.5,,0.1,0.0,0.1,0.016,,-1.9,-2.9,-4.8,-0.2,6,6.3,17.0,0.368,4.7,11.5,0.405,1.6,5.5,0.289,1.6,2.0,0.7859999999999999,0.6,7.0,7.6,2.9,0.9,0.7,1.9,6.4,18.8,104.0,118
122,Vince Carter\cartevi01,2019,SF,42,ATL,76,1330,11.8,0.565,0.675,0.141,2.4,13.2,7.7,9.3,1.5,1.8,8.8,16.7,,1.2,0.7,1.9,0.07,,-0.2,-1.4,-1.6,0.1,9,6.8,16.3,0.419,4.3,11.0,0.389,2.5,5.3,0.48,1.6,2.3,0.7120000000000001,1.1,5.7,6.7,3.0,1.5,0.9,1.7,4.9,19.5,112.0,115
123,Jamal Crawford\crawfja01,2019,SG,38,PHO,64,1211,11.7,0.522,0.461,0.251,0.7,7.2,3.9,27.7,1.3,0.8,16.9,20.8,,0.1,0.0,0.2,0.006,,-2.0,-4.1,-6.0,-1.2,0,6.9,17.3,0.397,2.6,8.0,0.332,4.2,9.3,0.45299999999999996,3.7,4.3,0.845,0.3,3.0,3.4,9.0,1.3,0.5,3.9,3.0,20.0,102.0,119
124,Darius Miller\milleda01,2019,SF,28,NOP,69,1757,8.4,0.55,0.752,0.147,0.8,6.6,3.8,10.4,1.1,1.1,10.3,13.4,,1.1,0.6,1.6,0.045,,-0.1,-1.5,-1.7,0.1,15,5.0,12.8,0.39,3.5,9.6,0.365,1.5,3.2,0.467,1.5,1.9,0.789,0.4,3.0,3.4,3.9,1.1,0.6,1.6,4.4,15.0,110.0,116
125,Derrick Rose\rosede01,2019,PG,30,MIN,51,1392,19.5,0.557,0.19399999999999998,0.212,2.5,8.3,5.4,26.4,1.1,0.7,9.1,27.3,,2.6,0.3,3.0,0.102,,2.3,-2.9,-0.6,0.5,13,12.5,25.9,0.48200000000000004,1.9,5.0,0.37,10.6,20.9,0.509,4.7,5.5,0.856,1.1,3.7,4.8,7.6,1.1,0.4,2.8,2.0,31.6,114.0,117
126,Omri Casspi\casspom01,2019,SF,30,MEM,36,520,15.7,0.606,0.267,0.36,3.6,21.5,12.4,8.1,1.9,1.6,11.0,18.0,,0.6,0.7,1.3,0.11900000000000001,,-2.0,0.1,-1.8,0.0,0,8.2,15.4,0.534,1.4,4.1,0.349,6.8,11.3,0.602,3.7,5.5,0.672,1.6,9.4,11.0,2.5,1.9,0.9,2.2,3.3,21.6,112.0,107
127,Quincy Pondexter\pondequ01,2019,SF,30,SAS,53,292,13.2,0.6409999999999999,0.31,0.7240000000000001,3.0,14.1,8.6,10.6,1.8,0.3,14.5,13.5,,0.5,0.3,0.8,0.128,,-0.8,-0.6,-1.4,0.0,0,4.9,9.7,0.5,1.0,3.0,0.33299999999999996,3.8,6.7,0.575,5.7,7.0,0.81,1.3,6.4,7.7,4.0,1.8,0.2,2.2,4.0,16.4,123.0,111
128,Jonas Jerebko\jerebjo01,2019,PF,31,GSW,73,1218,13.5,0.588,0.53,0.225,6.6,18.1,12.6,10.1,1.1,1.2,9.9,15.2,,2.1,1.2,3.3,0.13,,0.6,-0.6,0.0,0.6,6,6.4,13.9,0.45899999999999996,2.7,7.3,0.36700000000000005,3.7,6.5,0.563,2.5,3.1,0.8,2.8,8.4,11.2,3.7,1.1,0.7,1.7,5.4,17.9,120.0,111
129,Greg Monroe\monrogr01,2019,C,28,TOT,43,480,16.0,0.521,0.026000000000000002,0.381,15.4,22.9,19.3,8.1,1.4,1.4,12.7,22.6,,0.4,0.7,1.1,0.10800000000000001,,-2.9,-0.7,-3.6,-0.2,2,9.2,18.8,0.48700000000000004,0.1,0.5,0.2,9.1,18.3,0.495,4.5,7.2,0.625,6.7,10.5,17.1,2.4,1.4,0.8,3.2,6.6,22.9,107.0,106
130,Isaiah Thomas\thomais02,2019,SG,29,DEN,12,181,7.0,0.43700000000000006,0.434,0.273,3.0,4.8,3.9,18.6,1.4,0.5,14.0,30.4,,-0.4,0.1,-0.3,-0.077,,-4.5,-4.2,-8.7,-0.3,0,9.2,26.9,0.34299999999999997,3.3,11.7,0.27899999999999997,6.0,15.2,0.39299999999999996,4.6,7.3,0.63,1.4,2.2,3.5,6.2,1.4,0.3,4.9,4.6,26.3,88.0,113
131,Shelvin Mack\macksh01,2019,PG,28,TOT,57,1246,10.4,0.489,0.32299999999999995,0.20800000000000002,1.6,7.9,4.7,22.6,1.9,0.3,13.0,18.1,,-0.2,1.1,0.9,0.034,,-2.6,-1.5,-4.1,-0.7,3,6.5,16.1,0.40399999999999997,1.8,5.2,0.354,4.7,10.9,0.429,2.3,3.3,0.69,0.7,3.4,4.1,7.3,1.9,0.2,2.6,3.3,17.1,100.0,112
132,Corey Brewer\breweco01,2019,SF,32,TOT,31,492,11.6,0.532,0.358,0.35,5.4,10.7,8.0,10.2,3.0,1.2,11.8,13.6,,0.4,0.6,1.0,0.095,,-1.1,1.0,-0.1,0.2,3,5.0,11.7,0.431,1.3,4.2,0.318,3.7,7.5,0.494,2.9,4.1,0.721,2.5,4.7,7.2,3.7,3.0,0.7,1.8,6.0,14.3,112.0,109
134,Henry Ellenson\ellenhe01,2019,PF,22,TOT,19,259,13.1,0.5379999999999999,0.4,0.263,2.0,25.5,13.4,9.6,1.3,0.7,7.8,19.0,,0.2,0.2,0.4,0.077,,-2.5,-1.6,-4.0,-0.1,0,7.3,17.7,0.41100000000000003,3.2,7.1,0.447,4.1,10.6,0.386,3.5,4.7,0.76,0.9,11.4,12.3,3.0,1.3,0.4,1.7,5.0,21.3,108.0,112
135,Trey Burke\burketr01,2019,PG,26,TOT,58,1125,16.5,0.524,0.29,0.226,2.6,6.7,4.6,24.1,1.4,0.5,7.5,24.8,,1.4,0.5,1.9,0.081,,0.7,-3.2,-2.5,-0.1,8,10.1,23.5,0.431,2.4,6.8,0.35200000000000004,7.7,16.7,0.46299999999999997,4.4,5.3,0.831,1.2,3.0,4.3,6.8,1.4,0.3,2.1,2.5,27.1,110.0,116
136,Ian Clark\clarkia01,2019,SG,27,NOP,60,973,8.3,0.502,0.527,0.09699999999999999,1.4,8.0,4.7,12.9,1.1,0.7,12.7,19.3,,-0.4,0.3,-0.1,-0.003,,-2.2,-2.9,-5.1,-0.8,6,7.2,18.3,0.39399999999999996,3.2,9.6,0.327,4.1,8.6,0.47,1.6,1.8,0.892,0.6,3.6,4.3,4.5,1.1,0.4,2.8,4.5,19.2,98.0,116
137,Furkan Korkmaz\korkmfu01,2019,SG,21,PHI,48,679,11.5,0.528,0.588,0.18,2.6,13.8,8.3,10.7,2.0,0.2,8.6,17.9,,0.4,0.7,1.1,0.079,,-0.8,-1.5,-2.2,0.0,7,6.8,17.0,0.4,3.3,10.0,0.326,3.5,7.0,0.505,2.5,3.1,0.818,1.1,6.3,7.4,3.6,2.0,0.1,1.7,4.3,19.4,108.0,110
138,Joakim Noah\noahjo01,2019,C,33,MEM,42,693,18.6,0.5710000000000001,0.005,0.512,9.2,29.6,19.3,20.6,1.4,4.2,16.1,20.0,,1.0,1.2,2.2,0.15,,-1.9,3.5,1.6,0.6,1,7.9,15.3,0.516,0.0,0.1,0.0,7.9,15.2,0.519,5.6,7.8,0.716,4.2,12.9,17.1,6.4,1.4,2.2,3.6,6.9,21.4,113.0,105
139,MarShon Brooks\brookma01,2019,SG,30,MEM,29,387,11.6,0.518,0.32,0.195,3.4,9.7,6.5,11.0,1.2,1.0,10.3,23.6,,-0.2,0.3,0.1,0.018000000000000002,,-2.9,-2.6,-5.6,-0.3,0,9.8,21.7,0.45,1.9,6.9,0.278,7.8,14.8,0.53,3.0,4.2,0.6970000000000001,1.5,4.2,5.8,3.2,1.2,0.5,2.7,4.2,24.4,98.0,113
140,James Ennis\ennisja01,2019,SF,28,TOT,58,1230,11.0,0.59,0.531,0.276,5.3,10.9,8.1,4.7,1.6,1.6,9.3,12.7,,1.6,1.0,2.6,0.10300000000000001,,-0.5,-0.2,-0.7,0.4,27,5.5,11.6,0.469,2.2,6.2,0.353,3.3,5.5,0.601,2.3,3.2,0.716,2.4,4.8,7.2,1.6,1.6,0.9,1.3,5.9,15.4,119.0,112
141,Noah Vonleh\vonleno01,2019,PF,23,NYK,68,1722,13.9,0.561,0.311,0.355,6.7,25.8,16.0,11.1,1.3,2.5,14.7,14.8,,1.5,1.7,3.2,0.09,,-1.6,1.6,0.0,0.9,57,5.8,12.3,0.47,1.3,3.8,0.336,4.5,8.5,0.531,3.1,4.4,0.7120000000000001,3.2,11.6,14.8,3.6,1.3,1.4,2.5,4.9,16.0,111.0,111
142,Tim Frazier\fraziti01,2019,PG,28,TOT,59,1120,11.7,0.544,0.387,0.207,3.9,11.5,7.7,27.6,1.2,0.4,21.1,13.3,,1.3,0.7,2.0,0.084,,-1.0,-1.3,-2.3,-0.1,19,4.8,10.8,0.444,1.5,4.2,0.366,3.3,6.6,0.494,1.7,2.2,0.759,1.7,5.3,7.0,10.3,1.2,0.2,3.2,4.6,12.9,114.0,114
143,Nik Stauskas\stausni01,2019,SG,25,TOT,68,1015,10.9,0.545,0.556,0.18899999999999997,1.9,11.7,6.8,11.1,1.0,0.6,12.2,17.6,,0.6,0.5,1.1,0.052000000000000005,,-0.9,-2.2,-3.2,-0.3,0,6.5,16.3,0.402,3.4,9.0,0.37200000000000005,3.2,7.2,0.44,2.7,3.1,0.8909999999999999,0.9,5.2,6.1,3.9,1.0,0.3,2.5,2.4,19.2,108.0,115
144,Luke Kornet\kornelu01,2019,PF,23,NYK,46,784,14.8,0.531,0.682,0.163,3.6,14.6,9.0,10.5,1.7,4.5,7.6,17.9,,0.6,0.7,1.4,0.083,,0.1,0.6,0.7,0.5,18,6.6,17.4,0.37799999999999995,4.3,11.9,0.363,2.3,5.5,0.41100000000000003,2.3,2.8,0.826,1.7,6.6,8.3,3.3,1.7,2.6,1.5,2.5,19.8,110.0,111
145,Richaun Holmes\holmeri01,2019,C,25,PHO,70,1184,20.7,0.647,0.0,0.479,10.6,20.5,15.5,7.9,1.7,5.6,10.5,17.9,,3.1,1.1,4.3,0.17300000000000001,,-0.1,1.5,1.4,1.0,4,9.0,14.7,0.608,0.0,0.0,,9.0,14.7,0.608,5.2,7.1,0.731,4.6,8.7,13.3,2.4,1.7,3.2,2.1,7.8,23.1,127.0,111
146,T.J. McConnell\mccontj01,2019,PG,26,PHI,76,1470,13.4,0.555,0.1,0.08800000000000001,2.1,10.2,6.3,24.7,2.5,0.9,17.3,15.0,,1.2,1.7,2.9,0.094,,-1.7,0.0,-1.6,0.1,3,7.1,13.5,0.525,0.4,1.3,0.33299999999999996,6.6,12.1,0.546,0.9,1.2,0.784,0.9,4.7,5.6,8.3,2.5,0.5,2.9,3.4,15.5,110.0,110
147,Malachi Richardson\richama01,2019,SG,23,TOR,22,103,0.9,0.48100000000000004,0.862,0.172,2.2,11.2,6.8,0.0,0.5,0.0,20.4,16.4,,-0.2,0.1,-0.1,-0.06,,-6.3,-4.5,-10.8,-0.2,0,4.2,13.5,0.31,3.7,11.6,0.32,0.5,1.9,0.25,1.9,2.3,0.8,0.9,5.1,6.0,0.0,0.5,0.0,3.7,6.0,14.0,79.0,112
148,Kevon Looney\looneke01,2019,C,22,GSW,80,1481,17.3,0.636,0.028999999999999998,0.303,14.6,15.4,15.0,10.9,1.5,3.0,11.5,12.8,,4.2,1.8,6.0,0.19399999999999998,,1.9,1.8,3.7,2.1,24,7.0,11.1,0.625,0.0,0.3,0.1,6.9,10.8,0.6409999999999999,2.1,3.4,0.619,6.2,7.2,13.4,4.0,1.5,1.7,1.6,6.8,16.1,135.0,109
149,Salah Mejri\mejrisa01,2019,C,32,DAL,36,399,16.1,0.5589999999999999,0.304,0.28600000000000003,9.7,25.3,17.6,13.2,1.2,5.5,14.3,15.8,,0.5,0.6,1.1,0.136,,-1.6,3.5,1.9,0.4,4,6.7,13.6,0.491,1.3,4.1,0.324,5.3,9.5,0.564,2.4,3.9,0.625,4.4,11.5,15.9,4.3,1.2,3.2,2.6,6.7,17.1,114.0,106
150,Deyonta Davis\davisde01,2019,C,22,ATL,9,118,15.6,0.682,0.045,0.455,8.7,23.7,16.0,5.8,1.2,3.7,10.2,10.1,,0.3,0.1,0.4,0.145,,-1.7,1.0,-0.7,0.0,0,5.9,8.6,0.682,0.0,0.4,0.0,5.9,8.2,0.7140000000000001,2.3,3.9,0.6,3.9,10.2,14.1,2.0,1.2,2.0,1.2,4.7,14.1,136.0,112
151,Jake Layman\laymaja01,2019,SF,24,POR,71,1327,13.5,0.594,0.42700000000000005,0.16699999999999998,4.6,12.6,8.7,5.6,1.1,1.8,9.2,15.9,,1.9,1.2,3.1,0.111,,0.4,-0.6,-0.3,0.6,33,7.9,15.5,0.509,2.2,6.6,0.326,5.7,8.9,0.6459999999999999,1.8,2.6,0.7040000000000001,2.0,5.9,7.9,1.9,1.1,1.1,1.7,4.2,19.7,118.0,112
152,Cheick Diallo\diallch01,2019,PF,22,NOP,64,896,17.5,0.644,0.015,0.247,8.8,29.3,19.2,5.1,1.5,3.0,14.0,16.0,,1.4,1.2,2.6,0.14,,-2.1,0.5,-1.6,0.1,1,8.7,14.1,0.62,0.1,0.2,0.25,8.7,13.8,0.625,2.6,3.5,0.746,3.9,13.3,17.2,1.7,1.5,1.7,2.5,5.9,20.1,119.0,108
153,Malcolm Brogdon\brogdma01,2019,SG,26,MIL,64,1832,17.8,0.614,0.326,0.203,3.8,11.7,8.0,16.2,1.2,0.6,10.0,20.7,,4.2,2.3,6.5,0.171,,1.9,-0.3,1.5,1.6,64,9.6,19.0,0.505,2.6,6.2,0.426,7.0,12.8,0.544,3.6,3.9,0.9279999999999999,1.6,5.7,7.3,5.2,1.2,0.3,2.3,2.6,25.4,121.0,108
154,Ivica Zubac\zubaciv01,2019,C,21,TOT,59,1040,18.9,0.604,0.0,0.332,11.9,24.2,18.2,9.1,0.6,4.0,13.9,20.3,,1.9,1.3,3.2,0.14800000000000002,,-1.2,1.0,-0.3,0.5,37,9.6,17.1,0.5589999999999999,0.0,0.0,,9.6,17.1,0.5589999999999999,4.6,5.7,0.802,5.2,11.1,16.3,2.8,0.6,2.3,3.2,6.2,23.7,116.0,108
155,Rodney McGruder\mcgruro01,2019,SG,27,MIA,66,1550,9.4,0.51,0.488,0.156,4.1,12.2,8.2,10.3,1.1,0.7,11.5,15.4,,0.4,1.6,1.9,0.059000000000000004,,-1.9,-0.1,-2.0,0.0,45,5.9,14.5,0.40299999999999997,2.5,7.1,0.35100000000000003,3.4,7.4,0.45299999999999996,1.6,2.3,0.722,1.9,5.6,7.5,3.5,1.1,0.4,2.0,3.6,15.9,104.0,111
157,Quinn Cook\cookqu01,2019,PG,25,GSW,74,1059,13.1,0.565,0.456,0.059000000000000004,2.3,13.0,7.9,15.2,0.9,0.2,10.0,20.2,,1.0,0.8,1.8,0.08199999999999999,,-0.2,-2.7,-2.9,-0.2,10,9.2,19.7,0.465,3.6,9.0,0.405,5.5,10.7,0.515,0.9,1.2,0.769,1.0,6.1,7.1,5.2,0.9,0.1,2.2,4.1,22.9,110.0,113
158,Dorian Finney-Smith\finnedo01,2019,SF,25,DAL,81,1985,11.0,0.53,0.48100000000000004,0.195,7.5,13.4,10.5,6.9,1.7,1.5,11.4,14.0,,1.2,2.0,3.3,0.079,,-1.0,1.1,0.2,1.1,26,5.6,12.9,0.43200000000000005,1.9,6.2,0.311,3.6,6.7,0.544,1.8,2.5,0.7090000000000001,3.4,6.1,9.5,2.3,1.7,0.9,1.8,4.5,14.9,109.0,111
159,Timothe Luwawu-Cabarrot\luwawti01,2019,SF,23,TOT,50,669,8.0,0.489,0.532,0.188,1.7,14.1,7.8,5.5,1.4,1.0,8.2,16.6,,-0.3,0.5,0.2,0.015,,-3.3,-1.7,-5.0,-0.5,7,5.9,15.7,0.376,2.6,8.3,0.31,3.3,7.3,0.451,2.2,3.0,0.7559999999999999,0.8,6.2,7.0,1.9,1.4,0.6,1.5,5.3,16.6,97.0,113
160,Wayne Selden\seldewa01,2019,SG,24,TOT,75,1439,8.3,0.491,0.36,0.19,2.8,11.0,6.9,11.3,1.1,0.8,13.1,18.4,,-1.0,0.8,-0.3,-0.009000000000000001,,-3.5,-1.6,-5.1,-1.1,13,6.7,16.4,0.406,1.9,5.9,0.316,4.8,10.5,0.456,2.3,3.1,0.728,1.3,4.9,6.1,3.7,1.1,0.4,2.7,4.4,17.5,95.0,115
161,David Nwaba\nwabada01,2019,SG,26,CLE,51,984,12.5,0.5579999999999999,0.28600000000000003,0.324,4.4,14.4,9.2,8.1,1.8,1.5,8.8,14.6,,1.1,0.3,1.4,0.069,,-1.1,-0.6,-1.7,0.1,14,6.4,13.2,0.48100000000000004,1.2,3.8,0.32,5.1,9.4,0.545,2.9,4.3,0.682,2.1,6.2,8.2,2.7,1.8,0.9,1.5,5.4,16.9,115.0,116
162,Jordan Bell\belljo01,2019,C,24,GSW,68,788,12.9,0.531,0.01,0.214,7.8,16.7,12.5,12.3,1.2,5.4,16.7,13.7,,0.5,1.1,1.6,0.096,,-3.1,2.8,-0.4,0.3,3,6.0,11.6,0.516,0.0,0.1,0.0,6.0,11.5,0.521,1.5,2.5,0.61,3.3,7.8,11.1,4.6,1.2,3.1,2.5,4.8,13.5,109.0,108
163,Thomas Bryant\bryanth01,2019,C,21,WAS,72,1496,21.0,0.674,0.19699999999999998,0.273,8.1,25.1,16.5,9.3,0.8,3.8,9.6,17.6,,4.3,1.3,5.6,0.17800000000000002,,1.2,0.4,1.6,1.3,53,9.8,15.9,0.616,1.0,3.1,0.33299999999999996,8.7,12.8,0.685,3.4,4.3,0.7809999999999999,3.6,10.8,14.4,2.9,0.8,2.1,1.9,4.0,24.0,130.0,112
165,Khem Birch\birchkh01,2019,C,26,ORL,50,643,19.2,0.64,0.006999999999999999,0.55,13.0,18.8,15.8,8.5,1.4,3.8,9.6,14.1,,1.8,1.0,2.8,0.212,,0.2,2.3,2.4,0.7,1,6.9,11.5,0.603,0.0,0.1,0.0,6.9,11.4,0.607,4.4,6.3,0.6990000000000001,6.0,8.4,14.5,2.9,1.4,2.2,1.5,5.5,18.3,134.0,106
166,Tyler Dorsey\dorsety01,2019,SG,22,TOT,48,698,11.2,0.509,0.5,0.231,4.2,13.7,8.9,12.4,1.0,0.3,8.5,19.7,,0.2,0.4,0.6,0.043,,-1.4,-2.4,-3.8,-0.3,11,7.4,18.3,0.405,3.1,9.2,0.33299999999999996,4.4,9.2,0.47700000000000004,2.6,4.2,0.623,1.9,6.0,7.8,3.9,1.0,0.1,1.9,3.7,20.5,104.0,114
169,Maxi Kleber\klebima01,2019,PF,27,DAL,71,1502,13.1,0.579,0.565,0.192,6.5,16.9,11.7,6.8,1.2,4.4,11.4,13.5,,1.6,1.8,3.5,0.111,,-0.8,2.3,1.5,1.3,18,5.7,12.5,0.45299999999999996,2.5,7.0,0.353,3.2,5.4,0.583,1.9,2.4,0.784,2.9,7.7,10.6,2.3,1.2,2.5,1.7,4.6,15.7,115.0,109
170,Daniel Theis\theisda01,2019,C,26,BOS,66,908,17.0,0.624,0.252,0.28600000000000003,10.2,16.2,13.2,10.5,1.1,4.1,9.9,15.8,,2.3,1.3,3.5,0.188,,0.8,1.5,2.3,1.0,2,7.7,14.1,0.5489999999999999,1.4,3.6,0.38799999999999996,6.4,10.6,0.603,3.0,4.0,0.737,4.6,7.3,11.9,3.6,1.1,2.2,1.8,8.5,19.8,128.0,107
171,Ryan Arcidiacono\arcidry01,2019,PG,24,CHI,81,1961,11.6,0.588,0.519,0.244,1.5,10.8,6.1,18.9,1.6,0.2,12.0,11.7,,2.8,0.9,3.7,0.09,,-0.1,-1.0,-1.0,0.5,32,4.6,10.3,0.447,2.0,5.4,0.373,2.6,5.0,0.527,2.2,2.5,0.873,0.7,4.7,5.4,6.7,1.6,0.1,1.6,4.2,13.5,121.0,115
172,Daniel Hamilton\hamilda02,2019,SG,23,ATL,19,204,7.1,0.455,0.38299999999999995,0.1,5.0,19.5,12.1,14.5,1.4,0.4,20.3,15.7,,-0.2,0.1,-0.1,-0.024,,-5.0,-0.9,-5.8,-0.2,3,5.2,13.6,0.38299999999999995,1.8,5.2,0.348,3.4,8.4,0.405,0.7,1.4,0.5,2.3,8.4,10.6,5.0,1.4,0.2,3.6,4.3,12.9,91.0,114
173,Michael Carter-Williams\cartemi01,2019,PG,27,TOT,28,372,14.7,0.45799999999999996,0.309,0.431,5.4,15.0,10.1,26.5,2.6,3.4,12.0,19.4,,0.2,0.6,0.8,0.099,,-2.0,2.0,0.0,0.2,1,6.1,16.2,0.374,1.3,5.0,0.263,4.7,11.2,0.424,4.2,7.0,0.604,2.5,6.7,9.2,9.2,2.6,2.0,2.6,6.3,17.6,106.0,106
174,Chasson Randle\randlch01,2019,PG,25,WAS,49,743,9.9,0.555,0.53,0.28600000000000003,1.4,6.8,4.1,17.5,1.6,0.3,15.0,16.4,,0.4,0.2,0.6,0.040999999999999995,,-1.4,-3.0,-4.4,-0.4,2,5.8,13.8,0.419,2.9,7.3,0.4,2.9,6.5,0.441,2.7,4.0,0.6940000000000001,0.6,2.9,3.6,6.2,1.6,0.2,2.7,5.8,17.3,108.0,117
175,Isaiah Briscoe\briscis01,2019,PG,22,ORL,39,559,6.7,0.455,0.24600000000000002,0.188,0.9,13.4,7.1,21.0,1.0,0.3,17.2,14.1,,-0.3,0.5,0.3,0.023,,-5.0,-0.6,-5.6,-0.5,0,4.8,12.1,0.39899999999999997,1.0,3.0,0.324,3.9,9.1,0.423,1.3,2.3,0.5770000000000001,0.4,6.0,6.5,7.6,1.0,0.2,2.7,5.8,11.9,96.0,111
176,Ray Spalding\spaldra01,2019,PF,21,TOT,14,148,14.6,0.516,0.064,0.255,11.1,25.1,18.0,5.1,2.9,4.5,14.7,17.8,,0.0,0.2,0.2,0.051,,-4.7,1.4,-3.4,-0.1,3,8.1,15.2,0.532,0.0,1.0,0.0,8.1,14.2,0.568,1.3,3.9,0.33299999999999996,4.8,10.6,15.5,1.6,2.9,2.6,2.9,7.4,17.4,99.0,108
177,Brad Wanamaker\wanambr01,2019,PG,29,BOS,36,343,14.3,0.597,0.371,0.267,0.9,11.8,6.4,22.5,1.7,0.5,13.9,17.1,,0.6,0.4,1.0,0.134,,-0.8,-1.4,-2.2,0.0,0,7.0,14.7,0.47600000000000003,2.2,5.5,0.41,4.8,9.3,0.515,3.4,3.9,0.857,0.4,5.3,5.8,7.9,1.7,0.3,2.7,4.8,19.7,118.0,110
178,Lorenzo Brown\brownlo01,2019,PG,28,TOR,26,212,6.3,0.38,0.39399999999999996,0.042,2.6,12.9,7.9,17.3,2.7,2.0,18.1,17.9,,-0.5,0.3,-0.1,-0.027000000000000003,,-5.8,1.5,-4.3,-0.1,0,5.2,16.1,0.324,1.4,6.3,0.214,3.8,9.7,0.395,0.7,0.7,1.0,1.1,5.9,7.0,6.3,2.7,1.1,3.6,5.0,12.4,82.0,105
179,Patrick McCaw\mccawpa01,2019,SG,23,TOT,29,397,7.5,0.532,0.444,0.23800000000000002,2.0,10.9,6.5,9.2,2.8,0.4,19.6,9.4,,0.0,0.5,0.5,0.065,,-2.8,1.6,-1.2,0.1,1,3.2,7.6,0.413,1.1,3.4,0.321,2.1,4.2,0.486,1.6,1.8,0.867,0.8,5.0,5.8,3.5,2.8,0.2,2.1,4.6,9.0,102.0,108
180,James Nunnally\nunnaja01,2019,SF,28,TOT,15,102,7.3,0.503,0.735,0.11800000000000001,0.0,5.3,2.6,9.5,0.5,0.0,2.7,15.3,,0.1,0.0,0.1,0.035,,-1.6,-4.8,-6.4,-0.1,0,5.7,16.1,0.353,3.8,11.8,0.32,1.9,4.3,0.444,1.9,1.9,1.0,0.0,2.4,2.4,3.3,0.5,0.0,0.5,4.7,17.1,110.0,119
181,Pau Gasol\gasolpa01,2019,C,38,TOT,30,360,16.7,0.529,0.138,0.426,6.7,34.2,20.6,19.1,0.7,3.5,12.5,15.6,,0.5,0.5,1.1,0.142,,-2.1,2.7,0.6,0.2,6,5.7,12.7,0.447,0.8,1.8,0.462,4.9,10.9,0.444,3.8,5.4,0.7,3.0,15.5,18.5,7.0,0.7,2.0,2.2,3.9,15.9,116.0,106
183,Isaiah Canaan\canaais01,2019,PG,27,TOT,30,629,8.0,0.518,0.585,0.146,1.0,9.2,5.1,18.2,1.1,0.3,16.7,14.2,,0.0,0.1,0.1,0.008,,-2.4,-2.7,-5.1,-0.5,16,4.9,12.4,0.39,2.6,7.3,0.354,2.3,5.2,0.441,1.4,1.8,0.792,0.5,3.9,4.4,6.4,1.1,0.2,2.7,3.9,13.7,102.0,118
187,Quincy Acy\acyqu01,2019,PF,28,PHO,10,123,2.9,0.379,0.833,0.556,2.7,20.1,11.3,8.2,0.4,2.7,15.2,9.2,,-0.1,0.0,-0.1,-0.022000000000000002,,-5.7,-0.3,-5.9,-0.1,0,1.6,7.0,0.222,0.8,5.8,0.133,0.8,1.2,0.667,2.7,3.9,0.7,1.2,8.5,9.7,3.1,0.4,1.6,1.6,9.3,6.6,87.0,116
188,Andrew Harrison\harrian01,2019,PG,24,TOT,17,187,5.8,0.44299999999999995,0.47200000000000003,0.34,3.4,8.5,5.8,17.1,1.1,0.9,16.5,16.8,,-0.1,0.0,-0.1,-0.027000000000000003,,-3.8,-2.7,-6.6,-0.2,0,4.2,13.9,0.302,1.3,6.5,0.2,2.9,7.3,0.39299999999999996,4.5,4.7,0.9440000000000001,1.6,3.7,5.2,6.3,1.0,0.5,3.1,8.9,14.1,95.0,119
191,Bruno Caboclo\cabocbr01,2019,SF,23,MEM,34,800,12.4,0.5710000000000001,0.578,0.222,5.8,16.5,11.1,9.4,0.9,3.9,13.3,15.9,,0.6,0.9,1.5,0.09,,-1.0,1.2,0.2,0.4,19,6.0,14.0,0.42700000000000005,3.0,8.1,0.369,3.0,5.9,0.505,2.6,3.1,0.84,2.6,7.2,9.8,3.1,0.9,2.1,2.4,5.0,17.5,109.0,109
192,Deonte Burton\burtode02,2019,SG,25,OKC,32,240,7.0,0.47,0.32899999999999996,0.146,1.7,10.7,6.0,5.0,1.2,2.8,9.3,16.3,,-0.2,0.3,0.1,0.027000000000000003,,-5.6,-0.6,-6.3,-0.3,0,6.4,15.9,0.402,1.6,5.3,0.29600000000000004,4.9,10.7,0.455,1.6,2.3,0.667,0.8,4.7,5.4,1.8,1.2,1.6,1.8,6.0,15.9,94.0,109
193,Cameron Reynolds\reynoca01,2019,SG,23,MIN,19,259,10.4,0.58,0.654,0.115,1.6,11.3,6.4,6.8,1.1,0.7,5.7,14.1,,0.3,0.1,0.4,0.078,,-0.1,-2.2,-2.3,0.0,0,6.1,14.4,0.423,3.9,9.4,0.41200000000000003,2.2,5.0,0.444,1.5,1.7,0.889,0.7,5.0,5.7,2.4,1.1,0.4,0.9,4.8,17.6,118.0,116
195,John Jenkins\jenkijo01,2019,SG,27,TOT,26,333,9.7,0.536,0.552,0.171,1.8,10.0,5.8,9.9,0.0,0.5,7.4,15.7,,0.2,0.0,0.2,0.031,,-1.7,-3.6,-5.2,-0.3,0,6.1,15.2,0.4,3.2,8.4,0.379,2.9,6.8,0.426,2.2,2.6,0.833,0.9,4.5,5.4,3.2,0.0,0.3,1.3,1.4,17.5,109.0,119
198,JaKarr Sampson\sampsja02,2019,SF,25,CHI,4,127,22.5,0.633,0.259,0.389,4.2,23.4,13.7,5.3,1.5,2.0,5.9,23.1,,0.3,0.1,0.5,0.17300000000000001,,0.6,-2.0,-1.5,0.0,0,11.1,20.6,0.537,1.9,5.3,0.35700000000000004,9.2,15.3,0.6,6.5,8.0,0.81,1.9,10.3,12.2,1.5,1.5,1.1,1.5,3.1,30.5,123.0,111
203,Shaquille Harrison\harrish01,2019,PG,25,CHI,73,1430,12.4,0.494,0.209,0.289,2.5,14.5,8.4,14.1,3.0,1.8,11.1,16.5,,-0.1,1.6,1.4,0.048,,-2.7,1.4,-1.3,0.2,11,6.2,14.4,0.43200000000000005,0.8,3.0,0.27,5.4,11.4,0.475,2.8,4.2,0.667,1.1,6.4,7.5,4.7,3.0,1.0,2.0,4.2,16.1,101.0,110
211,Troy Williams\willitr02,2019,SF,24,SAC,21,312,10.5,0.531,0.449,0.153,3.9,15.9,9.7,4.7,1.5,2.2,7.9,15.0,,0.1,0.3,0.4,0.064,,-2.3,-0.3,-2.6,0.0,0,6.6,14.6,0.449,2.1,6.6,0.318,4.5,8.1,0.556,1.3,2.2,0.6,1.8,7.0,8.8,1.6,1.5,1.2,1.3,5.5,16.6,106.0,111
