,Rk,Player,Pos,Age,Type,OTm,Stats,WS,NTm,Terms,Notes,Year,PER,TS%,3PAr,FTr,ORB%,DRB%,TRB%,AST%,STL%,BLK%,TOV%,USG%,OWS,DWS,WS/48,OBPM,DBPM,BPM,VORP,Tm,G,GS,MP,FG,FGA,FG%,3P,3PA,3P%,2P,2PA,2P%,FT,FTA,FT%,ORB,DRB,TRB,AST,STL,BLK,TOV,PF,PTS,ORtg,DRtg,Salary_Total,Years,Year_Avg,Adj_Sal
0,1,Stephen Curry\curryst01,G,31-096,UFA,GSW,25.3 Pts 4.5 Reb 6.6 Ast,12.6,GSW,Reportedly agreed to 5-yr/$201M deal with Warriors,,2017,24.6,0.624,0.547,0.251,2.7,11.4,7.3,31.2,2.6,0.5,13.0,30.1,8.7,3.9,0.22899999999999998,7.8,-0.4,7.3,6.2,GSW,79,79,2638,12.3,26.3,0.46799999999999997,5.9,14.4,0.41100000000000003,6.4,11.9,0.537,5.9,6.6,0.898,1.1,5.3,6.4,9.6,2.6,0.3,4.4,3.3,36.5,119.0,105,201.0,5.0,40.2,46.632
1,2,Kevin Durant\duranke01,F-G,30-262,UFA,GSW,25.1 Pts 8.3 Reb 4.8 Ast,12.0,GSW,Reportedly agreed to 2-yr/$53M deal with Warriors,,2017,27.6,0.6509999999999999,0.304,0.374,2.2,23.6,13.6,23.1,1.5,3.8,10.4,27.8,8.0,4.0,0.278,5.4,2.6,8.0,5.2,GSW,62,62,2070,12.8,23.8,0.537,2.7,7.3,0.375,10.1,16.6,0.608,7.8,8.9,0.875,0.9,11.0,11.9,7.0,1.5,2.3,3.2,2.7,36.1,125.0,101,53.0,2.0,26.5,30.74
2,3,Gordon Hayward\haywago01,F-G,29-087,UFA,UTA,21.9 Pts 5.4 Reb 3.5 Ast,10.4,BOS,Signed 4-yr/$128M deal with Celtics,,2017,22.2,0.595,0.324,0.371,2.3,15.4,9.0,18.2,1.5,0.6,9.4,27.6,7.1,3.3,0.19899999999999998,4.2,0.0,4.2,4.0,UTA,73,73,2516,11.4,24.1,0.47100000000000003,3.1,7.8,0.39799999999999996,8.3,16.3,0.506,7.5,8.9,0.8440000000000001,1.0,7.2,8.2,5.3,1.5,0.4,2.9,2.4,33.4,118.0,106,128.0,4.0,32.0,37.12
3,4,Kyle Lowry\lowryky01,G,33-085,UFA,TOR,22.4 Pts 4.8 Reb 7.0 Ast,10.1,TOR,Signed 3-yr/$100M deal with Raptors,,2017,22.9,0.623,0.51,0.39799999999999996,2.4,12.0,7.2,29.9,2.0,0.7,13.8,24.9,7.8,2.3,0.21600000000000003,7.1,-0.5,6.6,4.9,TOR,60,60,2244,9.6,20.7,0.46399999999999997,4.4,10.6,0.41200000000000003,5.3,10.2,0.518,6.8,8.2,0.8190000000000001,1.1,5.4,6.5,9.4,2.0,0.4,3.9,3.8,30.4,123.0,109,100.0,3.0,33.333333333333336,38.666666666666664
4,5,Otto Porter\porteot01,F,26-015,RFA,WAS,13.4 Pts 6.4 Reb 1.5 Ast,9.4,WAS,Signed 4-yr/$106M deal with Wizards,Wizards matched the offer sheet signed with Nets,2017,17.3,0.628,0.425,0.14800000000000002,5.1,17.1,11.1,6.7,2.2,1.3,4.9,15.1,6.4,3.0,0.17300000000000001,3.0,0.9,3.9,3.9,WAS,80,80,2605,7.8,15.2,0.516,2.8,6.5,0.434,5.0,8.7,0.5760000000000001,1.9,2.3,0.8320000000000001,2.2,7.5,9.7,2.3,2.2,0.8,0.8,3.7,20.3,129.0,108,106.0,4.0,26.5,30.74
5,6,Jeff Teague\teaguje01,G,31-008,UFA,IND,15.3 Pts 4.0 Reb 7.8 Ast,8.1,MIN,Signed 3-yr/$57M deal with Timberwolves,,2017,19.2,0.574,0.27699999999999997,0.457,1.4,12.4,7.0,36.4,1.9,1.1,16.5,22.1,5.7,2.4,0.146,2.4,-0.5,1.9,2.6,IND,82,82,2657,7.6,17.1,0.442,1.7,4.7,0.35700000000000004,5.9,12.4,0.475,6.8,7.8,0.867,0.6,5.6,6.2,12.0,1.9,0.6,4.1,3.1,23.6,115.0,110,57.0,3.0,19.0,22.04
6,7,Blake Griffin\griffbl01,F,30-094,UFA,LAC,21.6 Pts 8.1 Reb 4.9 Ast,7.7,LAC,Signed 5-yr/$173M deal with Clippers,,2017,22.6,0.569,0.11599999999999999,0.434,6.2,20.2,13.4,24.5,1.4,0.9,10.9,28.0,5.4,2.4,0.179,3.2,1.3,4.4,3.4,LAC,61,61,2076,11.5,23.4,0.493,0.9,2.7,0.336,10.6,20.7,0.514,7.7,10.1,0.76,2.7,9.3,12.0,7.2,1.4,0.5,3.4,3.8,31.7,115.0,108,173.0,5.0,34.6,40.135999999999996
7,8,Andre Iguodala\iguodan01,G-F,35-141,UFA,GSW,7.6 Pts 4.0 Reb 3.4 Ast,6.9,GSW,Signed 3-yr/$48M deal with Warriors,,2017,14.3,0.624,0.42700000000000005,0.24600000000000002,3.0,13.1,8.3,16.7,1.8,1.5,11.2,11.2,4.1,2.9,0.16699999999999998,1.3,1.7,3.0,2.5,GSW,76,0,1998,5.3,10.0,0.528,1.5,4.3,0.36200000000000004,3.7,5.7,0.6509999999999999,1.7,2.5,0.706,1.2,6.1,7.3,6.3,1.8,0.9,1.4,2.3,13.8,129.0,105,48.0,3.0,16.0,18.56
8,9,Danilo Gallinari\gallida01,F,30-314,UFA,DEN,18.2 Pts 5.2 Reb 2.1 Ast,6.8,LAC,Traded to Clippers as part of sign and trade (3-yr/$65M),,2017,17.4,0.622,0.43200000000000005,0.516,2.0,14.7,8.4,9.1,0.9,0.5,8.2,20.0,6.2,0.7,0.154,2.9,-2.1,0.8,1.5,DEN,63,63,2134,7.7,17.2,0.447,2.9,7.4,0.389,4.8,9.7,0.491,8.0,8.9,0.902,0.9,6.5,7.4,3.1,0.9,0.3,1.9,2.1,26.2,126.0,115,65.0,3.0,21.666666666666668,25.133333333333333
9,10,Pau Gasol\gasolpa01,F-C,38-347,UFA,SAS,12.4 Pts 7.8 Reb 2.3 Ast,6.4,SAS,Signed 3-yr/$48M deal with Spurs,,2017,20.2,0.578,0.172,0.305,7.6,26.8,17.4,14.7,0.8,3.5,10.6,21.3,3.3,3.1,0.19,0.9,2.8,3.7,2.4,SAS,64,39,1627,9.5,18.9,0.502,1.8,3.3,0.5379999999999999,7.7,15.7,0.494,4.1,5.8,0.7070000000000001,3.4,12.3,15.7,4.7,0.8,2.2,2.5,3.4,24.8,116.0,102,48.0,3.0,16.0,18.56
10,11,Paul Millsap\millspa01,F,34-128,UFA,ATL,18.1 Pts 7.7 Reb 3.7 Ast,6.4,DEN,Signed 3-yr/$90M deal with Nuggets,,2017,17.8,0.542,0.248,0.41700000000000004,5.3,19.5,12.5,17.9,1.9,2.3,12.1,24.4,2.6,3.8,0.132,0.5,2.1,2.7,2.7,ATL,69,67,2343,9.0,20.4,0.442,1.6,5.1,0.311,7.5,15.4,0.486,6.5,8.5,0.768,2.3,8.9,11.2,5.3,1.9,1.3,3.3,3.9,26.2,108.0,104,90.0,3.0,30.0,34.8
11,12,Mason Plumlee\plumlma01,C-F,29-105,RFA,DEN,10.4 Pts 7.5 Reb 3.5 Ast,6.0,DEN,Signed 3-yr/$41M deal with Nuggets,,2017,18.1,0.5579999999999999,0.01,0.48200000000000004,8.8,22.4,15.6,19.8,1.6,3.4,15.1,18.1,3.6,2.4,0.135,0.0,2.6,2.7,2.5,TOT,81,64,2148,7.7,14.3,0.536,0.0,0.1,0.0,7.7,14.2,0.541,4.0,6.9,0.58,3.9,10.0,13.9,6.5,1.6,2.1,3.1,5.2,19.4,114.0,108,41.0,3.0,13.666666666666666,15.853333333333332
12,13,George Hill\hillge01,G,33-045,UFA,UTA,16.9 Pts 3.4 Reb 4.2 Ast,5.9,SAC,Signed 3-yr/$57M deal with Kings,,2017,19.3,0.599,0.384,0.32299999999999995,1.8,10.5,6.2,22.8,1.7,0.6,10.9,23.5,4.0,1.9,0.182,3.9,-0.2,3.6,2.2,UTA,49,49,1544,9.8,20.6,0.47700000000000004,3.2,7.9,0.40299999999999997,6.6,12.7,0.523,5.3,6.7,0.8009999999999999,0.8,4.9,5.7,6.9,1.7,0.4,2.9,3.9,28.1,119.0,107,57.0,3.0,19.0,22.04
13,14,JaMychal Green\greenja01,F,28-362,RFA,MEM,8.9 Pts 7.1 Reb 1.1 Ast,5.8,MEM,Signed 2-yr/$27M deal with Grizzlies,,2017,13.5,0.601,0.29,0.33399999999999996,8.8,21.1,14.8,6.3,1.2,1.5,14.1,14.4,3.2,2.6,0.132,-0.4,1.1,0.7,1.4,MEM,77,75,2101,6.2,12.4,0.5,1.4,3.6,0.379,4.8,8.8,0.5489999999999999,3.3,4.1,0.802,4.1,9.3,13.5,2.1,1.2,0.8,2.3,6.1,17.1,117.0,107,27.0,2.0,13.5,15.659999999999998
14,16,Dewayne Dedmon\dedmode01,C,29-310,UFA,SAS,5.1 Pts 6.5 Reb 0.6 Ast,5.2,ATL,Signed 2-yr/$14M deal with Hawks,,2017,16.0,0.645,0.0,0.359,11.2,30.6,21.1,4.8,1.4,3.7,16.9,12.3,2.3,3.0,0.18899999999999997,-1.6,3.2,1.7,1.2,SAS,76,37,1330,6.2,9.9,0.622,0.0,0.0,,6.2,9.9,0.622,2.5,3.6,0.6990000000000001,4.9,14.1,19.0,1.7,1.4,2.3,2.3,6.9,14.8,122.0,99,14.0,2.0,7.0,8.12
15,17,Serge Ibaka\ibakase01,F-C,29-273,UFA,TOR,14.8 Pts 6.8 Reb 0.9 Ast,5.1,TOR,Signed 3-yr/$65M deal with Raptors,,2017,16.4,0.5660000000000001,0.32299999999999995,0.127,5.7,19.0,12.2,5.2,0.8,4.2,9.2,20.9,2.5,2.6,0.10099999999999999,-0.5,0.1,-0.4,1.0,TOT,79,79,2422,9.7,20.2,0.48,2.6,6.5,0.391,7.1,13.7,0.522,2.2,2.6,0.856,2.7,8.4,11.1,1.5,0.8,2.6,2.2,4.4,24.2,109.0,109,65.0,3.0,21.666666666666668,25.133333333333333
16,18,James Johnson\johnsja01,F,32-118,UFA,MIA,12.8 Pts 4.9 Reb 3.6 Ast,5.1,MIA,Signed 4-yr/$60M deal with Heat,,2017,17.0,0.564,0.33299999999999996,0.28,3.5,16.6,10.0,20.9,1.8,3.2,16.5,22.0,1.9,3.2,0.11699999999999999,0.5,2.3,2.8,2.5,MIA,76,5,2085,8.9,18.6,0.479,2.1,6.2,0.34,6.8,12.4,0.5479999999999999,3.7,5.2,0.7070000000000001,1.6,7.5,9.1,6.7,1.8,2.1,4.1,4.8,23.6,107.0,105,60.0,4.0,15.0,17.4
17,19,Patty Mills\millspa02,G,30-311,UFA,SAS,9.5 Pts 1.8 Reb 3.5 Ast,5.1,SAS,Signed 4-yr/$50M deal with Spurs,,2017,15.2,0.578,0.5720000000000001,0.129,1.6,7.4,4.6,24.3,1.9,0.1,13.3,19.5,2.9,2.2,0.139,2.5,-1.2,1.3,1.5,SAS,80,8,1754,7.9,18.0,0.44,4.3,10.3,0.414,3.7,7.7,0.474,1.9,2.3,0.825,0.7,3.4,4.1,8.1,1.9,0.1,2.9,3.2,22.1,114.0,107,50.0,4.0,12.5,14.499999999999998
18,20,Joe Ingles\inglejo01,F-G,31-259,RFA,UTA,7.1 Pts 3.2 Reb 2.7 Ast,5.0,UTA,Signed 4-yr/$52M deal with Jazz,,2017,12.4,0.604,0.619,0.151,1.4,13.6,7.6,17.2,2.6,0.3,18.2,13.9,2.0,3.0,0.12300000000000001,0.9,1.8,2.7,2.3,UTA,82,26,1972,5.4,12.0,0.452,3.3,7.4,0.441,2.2,4.6,0.47100000000000003,1.3,1.8,0.735,0.6,6.3,6.9,6.0,2.6,0.2,2.8,4.3,15.4,112.0,105,52.0,4.0,13.0,15.079999999999998
19,21,Amir Johnson\johnsam01,F-C,32-048,UFA,BOS,6.5 Pts 4.6 Reb 1.8 Ast,5.0,PHI,Signed 1-yr/$11M deal with 76ers,,2017,15.0,0.628,0.17800000000000002,0.27,8.3,17.0,12.7,13.0,1.6,3.2,15.7,13.6,2.9,2.1,0.149,-0.2,2.4,2.2,1.7,BOS,80,77,1608,6.6,11.4,0.5760000000000001,0.8,2.0,0.409,5.7,9.4,0.612,2.1,3.1,0.67,3.6,7.6,11.3,4.3,1.6,1.9,2.4,6.5,16.0,121.0,107,11.0,1.0,11.0,12.76
20,22,Tim Hardaway\hardati02,G,27-094,RFA,ATL,14.5 Pts 2.8 Reb 2.3 Ast,4.8,NYK,Signed 4-yr/$71M deal with Knicks,,2017,15.2,0.568,0.457,0.235,1.8,9.5,5.7,14.3,1.3,0.6,9.5,22.5,2.7,2.1,0.107,1.3,-1.5,-0.3,0.9,ATL,79,30,2154,9.5,20.9,0.455,3.4,9.5,0.35700000000000004,6.1,11.3,0.537,3.8,4.9,0.7659999999999999,0.8,4.3,5.1,4.2,1.3,0.3,2.4,2.4,26.2,110.0,109,71.0,4.0,17.75,20.59
21,23,J.J. Redick\redicjj01,G,34-359,UFA,LAC,15.0 Pts 2.2 Reb 1.4 Ast,4.8,PHI,Signed 1-yr/$23M deal with 76ers,,2017,14.8,0.599,0.526,0.22699999999999998,0.6,7.9,4.4,7.8,1.2,0.5,9.1,22.0,3.3,1.5,0.105,2.0,-2.1,-0.1,1.1,LAC,78,78,2198,9.0,20.2,0.445,4.6,10.6,0.429,4.4,9.6,0.462,4.1,4.6,0.8909999999999999,0.3,3.6,3.9,2.5,1.2,0.3,2.2,2.8,26.7,113.0,112,23.0,1.0,23.0,26.68
22,24,Zaza Pachulia\pachuza01,C,35-128,UFA,GSW,6.1 Pts 5.9 Reb 1.9 Ast,4.7,GSW,Signed 1-yr/$3.5M deal with Warriors,,2017,16.1,0.588,0.006999999999999999,0.41,12.9,22.0,17.7,13.6,2.2,2.0,19.4,15.3,2.3,2.5,0.17800000000000002,-0.3,3.0,2.7,1.5,GSW,70,70,1268,6.2,11.6,0.534,0.0,0.1,0.0,6.2,11.6,0.5379999999999999,3.7,4.8,0.778,5.3,10.2,15.6,5.0,2.2,1.3,3.3,6.3,16.2,118.0,101,3.5,1.0,3.5,4.06
23,25,Kentavious Caldwell-Pope\caldwke01,G,26-120,UFA,DET,13.8 Pts 3.3 Reb 2.5 Ast,4.5,LAL,Reportedly agreed to 1-yr/$18M deal with Lakers,,2017,12.8,0.519,0.47100000000000003,0.19899999999999998,2.3,8.7,5.3,11.2,1.8,0.4,7.9,19.2,2.0,2.5,0.086,0.9,0.0,0.9,1.8,DET,76,75,2529,7.4,18.5,0.39899999999999997,3.1,8.7,0.35,4.3,9.8,0.442,3.1,3.7,0.8320000000000001,1.1,3.9,5.0,3.9,1.8,0.2,1.7,2.4,20.9,107.0,109,18.0,1.0,18.0,20.88
24,26,Andre Roberson\roberan03,G-F,27-196,RFA,OKC,6.6 Pts 5.1 Reb 1.0 Ast,4.2,OKC,Signed 3-yr/$30M deal with Thunder,,2017,9.6,0.51,0.397,0.24,4.6,14.2,9.4,4.6,1.9,2.7,9.1,10.1,1.1,3.1,0.085,-2.1,2.1,0.0,1.2,OKC,79,79,2376,4.4,9.6,0.46399999999999997,0.9,3.8,0.245,3.5,5.8,0.609,1.0,2.3,0.423,2.0,6.3,8.3,1.6,1.9,1.6,1.1,4.2,10.8,108.0,106,30.0,3.0,10.0,11.6
25,28,Nene Hilario\hilarne01,F-C,36-278,UFA,HOU,9.1 Pts 4.2 Reb 1.0 Ast,4.1,HOU,Signed 3-yr/$11M deal with Rockets,,2017,18.9,0.63,0.023,0.496,8.6,17.0,12.8,8.6,2.2,2.6,13.1,19.7,2.5,1.6,0.165,-0.4,0.8,0.5,0.7,HOU,67,8,1198,9.8,15.9,0.617,0.1,0.4,0.33299999999999996,9.7,15.5,0.624,4.6,7.9,0.589,3.8,7.5,11.3,2.6,2.2,1.6,2.9,6.5,24.4,118.0,106,11.0,3.0,3.6666666666666665,4.253333333333333
26,29,Ersan Ilyasova\ilyaser01,F,32-034,UFA,ATL,13.1 Pts 5.9 Reb 1.7 Ast,4.1,ATL,Signed 1-yr/$6M deal with Hawks,,2017,14.6,0.546,0.452,0.233,5.9,18.8,12.4,11.0,1.3,0.9,10.6,22.2,1.8,2.3,0.091,0.3,-0.8,-0.5,0.8,TOT,82,52,2142,8.8,20.3,0.431,3.2,9.2,0.353,5.5,11.1,0.496,3.7,4.7,0.778,2.6,8.4,11.0,3.2,1.3,0.5,2.6,4.8,24.4,107.0,108,6.0,1.0,6.0,6.959999999999999
27,30,Kelly Olynyk\olynyke01,C-F,28-060,UFA,BOS,9.0 Pts 4.8 Reb 2.0 Ast,4.1,MIA,Signed 4-yr/$50M deal with Heat,,2017,15.3,0.603,0.37799999999999995,0.242,5.3,20.7,13.1,15.2,1.4,1.5,14.6,19.0,2.2,1.9,0.127,0.1,0.5,0.7,1.0,BOS,75,6,1538,8.4,16.4,0.512,2.2,6.2,0.354,6.2,10.2,0.608,2.9,4.0,0.732,2.4,9.3,11.6,4.8,1.4,0.9,3.1,6.7,21.9,113.0,107,50.0,4.0,12.5,14.499999999999998
28,31,Vince Carter\cartevi01,G-F,42-143,UFA,MEM,8.0 Pts 3.1 Reb 1.8 Ast,4.0,SAC,Reportedly agreed to 1-yr/$8M deal with Kings,,2017,11.7,0.542,0.604,0.235,2.2,12.5,7.2,11.5,1.7,1.9,8.5,14.9,1.9,2.1,0.106,0.1,0.9,1.0,1.4,MEM,73,15,1799,5.6,14.2,0.39399999999999996,3.2,8.6,0.37799999999999995,2.3,5.6,0.418,2.5,3.3,0.765,1.0,5.5,6.6,3.8,1.7,1.0,1.4,4.7,16.9,112.0,108,8.0,1.0,8.0,9.28
29,32,Taj Gibson\gibsota01,F,33-359,UFA,OKC,10.8 Pts 6.2 Reb 0.9 Ast,4.0,MIN,Signed 2-yr/$28M deal with Timberwolves,,2017,15.0,0.5429999999999999,0.018000000000000002,0.223,8.6,17.9,13.2,5.9,1.0,2.6,11.9,19.3,1.6,2.5,0.09699999999999999,-2.4,0.3,-2.1,-0.1,TOT,78,71,1989,9.2,17.8,0.515,0.1,0.3,0.231,9.1,17.5,0.52,2.8,4.0,0.715,4.0,8.2,12.2,1.8,1.0,1.6,2.6,4.1,21.3,107.0,107,28.0,2.0,14.0,16.24
30,33,C.J. Miles\milescj01,G-F,32-092,UFA,IND,10.7 Pts 3.0 Reb 0.6 Ast,4.0,TOR,Signed 3-yr/$25M deal with Raptors,,2017,13.8,0.5920000000000001,0.632,0.14400000000000002,1.9,12.4,7.2,4.1,1.3,1.2,5.5,18.4,2.7,1.4,0.109,1.6,-2.1,-0.5,0.7,IND,76,29,1776,7.9,18.2,0.434,4.8,11.5,0.413,3.2,6.7,0.47100000000000003,2.4,2.6,0.903,0.8,5.6,6.5,1.4,1.3,0.7,1.1,4.3,23.0,115.0,111,25.0,3.0,8.333333333333334,9.666666666666666
31,35,Darren Collison\collida01,G,31-299,UFA,SAC,13.2 Pts 2.2 Reb 4.6 Ast,3.9,IND,Signed 2-yr/$20M deal with Pacers,,2017,15.3,0.57,0.245,0.239,1.3,7.1,4.3,24.5,1.6,0.4,12.6,19.8,3.1,0.8,0.091,0.8,-2.3,-1.5,0.3,SAC,68,64,2063,8.3,17.5,0.47600000000000003,1.8,4.3,0.41700000000000004,6.5,13.2,0.495,3.6,4.2,0.86,0.6,3.2,3.7,7.7,1.6,0.2,2.8,2.9,22.1,113.0,114,20.0,2.0,10.0,11.6
32,36,Jrue Holiday\holidjr01,G,29-006,UFA,NOP,15.4 Pts 3.9 Reb 7.3 Ast,3.8,NOP,Signed 5-yr/$126M deal with Pelicans,,2017,17.1,0.532,0.315,0.188,2.2,10.6,6.4,35.9,2.2,1.6,16.7,23.5,1.3,2.6,0.084,1.2,0.5,1.7,2.0,NOP,67,61,2190,9.1,20.0,0.45399999999999996,2.2,6.3,0.35600000000000004,6.8,13.7,0.498,2.7,3.8,0.708,1.0,4.9,5.9,10.9,2.2,1.0,4.3,3.0,23.0,104.0,108,126.0,5.0,25.2,29.231999999999996
33,37,Nikola Mirotic\mirotni01,F,28-127,RFA,CHI,10.6 Pts 5.5 Reb 1.1 Ast,3.8,CHI,Signed 2-yr/$27M deal with Bulls,,2017,14.5,0.546,0.603,0.205,3.9,20.9,12.3,6.9,1.6,2.6,10.5,19.8,1.2,2.5,0.107,-0.1,0.4,0.4,1.0,CHI,70,15,1679,7.7,18.8,0.413,3.9,11.3,0.342,3.9,7.4,0.52,3.0,3.8,0.773,1.8,9.7,11.5,2.3,1.6,1.7,2.4,3.8,22.3,107.0,105,27.0,2.0,13.5,15.659999999999998
34,38,Kyle Korver\korveky01,G-F,38-093,UFA,CLE,10.1 Pts 2.8 Reb 1.6 Ast,3.7,CLE,Signed 3-yr/$22M deal with Cavaliers,,2017,12.1,0.635,0.6970000000000001,0.08199999999999999,0.5,11.0,5.8,9.4,1.0,1.0,11.5,15.2,2.3,1.3,0.1,0.8,-1.0,-0.2,0.8,TOT,67,22,1753,6.8,14.6,0.46399999999999997,4.6,10.2,0.451,2.2,4.4,0.494,1.1,1.2,0.905,0.2,5.1,5.3,3.1,1.0,0.6,2.0,3.0,19.2,116.0,111,22.0,3.0,7.333333333333333,8.506666666666666
35,39,Willie Reed\reedwi02,F-C,29-033,UFA,MIA,5.3 Pts 4.7 Reb 0.4 Ast,3.6,LAC,Signed 1-yr/$1.5M deal with Clippers,,2017,17.1,0.578,0.013999999999999999,0.309,13.7,22.0,17.8,3.9,0.9,3.6,8.7,15.3,2.1,1.5,0.168,-1.3,0.7,-0.6,0.4,MIA,71,5,1031,7.9,13.9,0.568,0.0,0.2,0.25,7.9,13.7,0.573,2.4,4.3,0.557,6.3,9.9,16.2,1.3,0.9,2.3,1.5,6.7,18.3,122.0,105,1.5,1.0,1.5,1.7399999999999998
36,40,P.J. Tucker\tuckepj01,F,34-044,UFA,TOR,6.7 Pts 5.8 Reb 1.2 Ast,3.6,HOU,Signed 4-yr/$32M deal with Rockets,,2017,10.5,0.516,0.40700000000000003,0.193,5.6,17.7,11.6,6.0,2.5,0.7,11.2,11.2,1.4,2.2,0.078,-0.7,1.6,0.9,1.6,TOT,81,21,2236,4.3,10.5,0.413,1.5,4.3,0.35700000000000004,2.8,6.2,0.451,1.6,2.0,0.774,2.5,7.7,10.2,2.2,2.5,0.4,1.4,4.3,11.7,109.0,109,32.0,4.0,8.0,9.28
37,42,Cristiano Felicio\feliccr01,F-C,26-346,RFA,CHI,4.8 Pts 4.7 Reb 0.6 Ast,3.4,CHI,Signed 4-yr/$32M deal with Bulls,,2017,15.3,0.603,0.0,0.42100000000000004,12.8,19.5,16.1,5.7,1.2,1.3,11.2,12.4,2.1,1.3,0.158,-0.6,0.6,0.0,0.5,CHI,66,0,1040,6.2,10.7,0.579,0.0,0.0,,6.2,10.7,0.579,2.9,4.5,0.645,6.0,9.1,15.1,1.9,1.2,0.8,1.6,5.3,15.3,126.0,107,32.0,4.0,8.0,9.28
38,43,Mike Muscala\muscami01,F-C,27-352,UFA,ATL,6.2 Pts 3.4 Reb 1.4 Ast,3.4,ATL,Signed 2-yr/$10M deal with Hawks,,2017,14.4,0.596,0.326,0.19,6.9,14.4,10.7,11.9,1.2,2.8,13.1,14.8,1.8,1.6,0.132,-0.4,1.5,1.1,1.0,ATL,70,3,1237,6.8,13.4,0.504,1.8,4.4,0.418,4.9,9.0,0.546,2.0,2.6,0.7659999999999999,3.0,6.5,9.6,3.8,1.2,1.6,2.2,3.9,17.3,116.0,107,10.0,2.0,5.0,5.8
39,44,Tony Snell\snellto01,G-F,27-220,RFA,MIL,8.5 Pts 3.1 Reb 1.2 Ast,3.4,MIL,Reportedly agreed to 4-yr/$46M deal with Bucks,,2017,9.7,0.603,0.6559999999999999,0.107,1.1,11.1,6.2,5.9,1.2,0.5,8.8,12.1,2.1,1.3,0.071,0.2,-1.1,-0.8,0.7,MIL,80,80,2336,5.3,11.8,0.455,3.1,7.7,0.406,2.2,4.0,0.5479999999999999,1.0,1.3,0.81,0.5,4.9,5.4,2.1,1.2,0.3,1.2,2.7,14.8,114.0,113,46.0,4.0,11.5,13.34
40,45,Patrick Patterson\pattepa01,F,30-096,UFA,TOR,6.8 Pts 4.5 Reb 1.2 Ast,3.3,OKC,Signed 3-yr/$16.4M deal with Thunder,,2017,10.8,0.542,0.659,0.156,4.4,16.3,10.4,6.6,1.3,1.2,8.5,12.5,1.7,1.6,0.1,0.5,0.4,0.9,1.2,TOR,65,8,1599,4.9,12.2,0.401,3.0,8.0,0.37200000000000005,1.9,4.2,0.45799999999999996,1.4,1.9,0.7170000000000001,2.0,7.3,9.3,2.4,1.3,0.7,1.2,3.8,14.1,115.0,109,16.4,3.0,5.466666666666666,6.341333333333332
41,46,Thabo Sefolosha\sefolth01,G-F,35-047,UFA,ATL,7.2 Pts 4.4 Reb 1.7 Ast,3.3,UTA,Signed 2-yr/$10.5M deal with Jazz,,2017,11.9,0.519,0.304,0.19,3.8,14.7,9.3,9.9,3.0,1.7,11.9,13.3,0.6,2.7,0.098,-1.9,3.1,1.2,1.3,ATL,62,42,1596,5.4,12.2,0.441,1.3,3.7,0.342,4.1,8.5,0.484,1.7,2.3,0.733,1.7,6.7,8.3,3.3,3.0,1.0,1.8,3.0,13.7,105.0,103,10.5,2.0,5.25,6.09
42,48,Zach Randolph\randoza01,F-C,37-337,UFA,MEM,14.1 Pts 8.2 Reb 1.7 Ast,3.2,SAC,Signed 2-yr/$24M deal with Kings,,2017,18.5,0.49,0.098,0.2,11.3,27.4,19.2,13.5,1.1,0.5,8.6,29.2,0.8,2.4,0.086,-1.4,-0.7,-2.1,0.0,MEM,73,5,1786,12.6,28.1,0.449,0.6,2.7,0.223,12.0,25.3,0.474,4.1,5.6,0.731,5.3,12.1,17.4,3.6,1.1,0.3,2.9,4.0,29.9,103.0,106,24.0,2.0,12.0,13.919999999999998
43,49,Nick Young\youngni01,G-F,34-017,UFA,LAL,13.2 Pts 2.3 Reb 1.0 Ast,3.2,GSW,Signed 1-yr/$5.2M deal with Warriors,,2017,14.1,0.588,0.665,0.142,1.7,8.2,4.8,5.8,1.2,0.7,5.1,19.5,3.0,0.2,0.098,2.7,-3.4,-0.7,0.5,LAL,60,60,1556,8.5,19.8,0.43,5.3,13.2,0.40399999999999997,3.2,6.6,0.48100000000000004,2.4,2.8,0.856,0.8,3.5,4.3,1.8,1.2,0.4,1.1,4.3,24.8,118.0,116,5.2,1.0,5.2,6.032
44,52,Aron Baynes\baynear01,C,32-191,UFA,DET,4.9 Pts 4.4 Reb 0.4 Ast,3.0,BOS,Signed 1-yr/$4.3M deal with Celtics,,2017,13.1,0.57,0.0,0.337,10.0,21.6,15.6,3.9,0.7,2.8,13.5,14.1,1.4,1.5,0.12300000000000001,-2.9,1.1,-1.8,0.1,DET,75,2,1163,6.2,12.1,0.513,0.0,0.0,,6.2,12.1,0.513,3.4,4.1,0.84,4.8,9.6,14.5,1.4,0.7,1.7,2.2,7.2,15.9,114.0,106,4.3,1.0,4.3,4.9879999999999995
45,53,Dante Cunningham\cunnida01,F,32-057,UFA,NOP,6.6 Pts 4.2 Reb 0.6 Ast,3.0,NOP,Reportedly agreed to 1-yr/$2.3M deal with Pelicans,,2017,10.2,0.586,0.504,0.075,3.6,14.2,8.9,3.2,1.2,1.4,7.0,10.7,1.4,1.6,0.08800000000000001,-1.3,0.8,-0.5,0.6,NOP,66,35,1649,5.2,10.7,0.485,2.1,5.4,0.392,3.1,5.3,0.579,0.5,0.8,0.593,1.7,6.6,8.2,1.1,1.2,0.8,0.8,3.0,12.9,114.0,109,2.3,1.0,2.3,2.6679999999999997
46,54,Manu Ginobili\ginobma01,G,41-325,UFA,SAS,7.5 Pts 2.3 Reb 2.7 Ast,3.0,SAS,Signed 2-yr/$5M deal with Spurs,,2017,13.9,0.532,0.517,0.244,2.5,11.1,6.9,20.8,3.2,1.0,16.5,20.4,0.6,2.4,0.11,0.5,1.4,1.9,1.3,SAS,69,0,1291,6.7,17.3,0.39,3.5,9.0,0.392,3.2,8.4,0.387,3.4,4.2,0.804,1.1,5.1,6.2,7.2,3.2,0.6,3.8,4.7,20.4,104.0,102,5.0,2.0,2.5,2.9
47,57,Bojan Bogdanovic\bogdabo02,G-F,30-061,UFA,WAS,13.7 Pts 3.4 Reb 1.4 Ast,2.9,IND,Signed 2-yr/$21M deal with Pacers,,2017,13.5,0.585,0.46399999999999997,0.28800000000000003,1.9,12.3,7.2,8.7,0.8,0.3,12.1,22.4,2.0,0.9,0.067,-0.1,-2.8,-2.9,-0.5,TOT,81,54,2083,8.7,19.4,0.445,3.3,9.0,0.36700000000000005,5.3,10.4,0.512,5.0,5.6,0.893,0.9,5.5,6.4,2.6,0.8,0.2,3.0,3.4,25.6,108.0,114,21.0,2.0,10.5,12.18
48,59,Shaun Livingston\livinsh01,G,33-280,UFA,GSW,5.1 Pts 2.0 Reb 1.8 Ast,2.6,GSW,Signed 3-yr/$24M deal with Warriors,,2017,10.1,0.568,0.009000000000000001,0.19,2.4,9.4,6.2,13.5,1.4,1.2,15.3,13.0,1.1,1.6,0.09300000000000001,-2.5,0.5,-2.0,0.0,GSW,76,3,1345,6.2,11.3,0.547,0.0,0.1,0.33299999999999996,6.2,11.2,0.55,1.5,2.1,0.7,1.0,4.4,5.4,5.0,1.4,0.7,2.2,4.3,13.9,110.0,108,24.0,3.0,8.0,9.28
49,61,Justin Holiday\holidju01,F,30-074,UFA,NYK,7.7 Pts 2.7 Reb 1.2 Ast,2.5,CHI,Signed 2-yr/$9M deal with Bulls,,2017,12.7,0.5489999999999999,0.507,0.149,1.8,13.1,7.4,9.2,2.0,1.5,10.3,16.9,1.3,1.2,0.073,-0.3,-0.8,-1.1,0.4,NYK,82,4,1639,7.1,16.4,0.433,3.0,8.3,0.355,4.1,8.1,0.513,2.0,2.4,0.825,0.8,6.0,6.9,3.1,2.0,0.9,2.0,3.3,19.2,108.0,111,9.0,2.0,4.5,5.22
50,62,Dirk Nowitzki\nowitdi01,F,40-364,UFA,DAL,14.2 Pts 6.5 Reb 1.5 Ast,2.5,DAL,Signed 2-yr/$10M deal with Mavericks,,2017,17.0,0.529,0.308,0.165,1.8,28.3,14.4,10.6,1.1,2.4,6.6,25.8,0.6,1.9,0.084,-1.6,0.3,-1.3,0.2,DAL,54,54,1424,10.8,24.8,0.43700000000000006,2.9,7.6,0.37799999999999995,7.9,17.1,0.46299999999999997,3.6,4.1,0.875,0.8,12.1,12.9,3.0,1.1,1.4,1.9,4.1,28.1,103.0,106,10.0,2.0,5.0,5.8
51,65,Ian Clark\clarkia01,G,28-103,UFA,GSW,6.8 Pts 1.6 Reb 1.2 Ast,2.3,NOP,Signed 1-yr/$1.6M deal with Pelicans,,2017,13.1,0.575,0.376,0.134,2.3,9.0,5.8,11.2,1.7,0.6,10.7,19.5,1.0,1.3,0.099,-0.6,-1.4,-2.0,0.0,GSW,77,0,1137,8.9,18.3,0.48700000000000004,2.6,6.9,0.374,6.3,11.4,0.556,1.9,2.5,0.759,0.9,4.2,5.1,3.8,1.7,0.3,2.3,3.3,22.3,108.0,108,1.6,1.0,1.6,1.8559999999999999
52,67,Rajon Rondo\rondora01,G,33-116,UFA,CHI,7.8 Pts 5.1 Reb 6.7 Ast,2.3,NOP,Signed 1-yr/$3.3M deal with Pelicans,,2017,13.6,0.461,0.237,0.08900000000000001,4.2,16.6,10.4,37.0,2.7,0.5,22.5,17.8,-0.4,2.7,0.06,-1.3,1.6,0.3,1.1,CHI,69,42,1843,6.3,15.3,0.408,1.4,3.6,0.376,4.9,11.7,0.418,0.8,1.4,0.6,2.0,7.7,9.7,12.6,2.7,0.3,4.6,3.9,14.7,98.0,105,3.3,1.0,3.3,3.8279999999999994
53,68,Anthony Tolliver\tollian01,F-C,34-017,UFA,SAC,7.1 Pts 3.6 Reb 1.2 Ast,2.3,DET,Signed 1-yr/$3.3M deal with Pistons,,2017,11.1,0.595,0.655,0.23399999999999999,4.0,14.4,9.3,7.7,1.2,1.2,12.6,13.6,1.5,0.8,0.075,0.2,-0.7,-0.4,0.6,SAC,65,9,1477,5.3,12.0,0.442,3.1,7.9,0.391,2.2,4.1,0.537,2.1,2.8,0.7440000000000001,1.7,6.4,8.1,2.6,1.2,0.7,1.9,3.7,15.8,113.0,113,3.3,1.0,3.3,3.8279999999999994
54,72,Alan Williams\willial03,F-C,26-141,RFA,PHO,7.4 Pts 6.2 Reb 0.5 Ast,2.1,PHO,Signed 3-yr/$17M deal with Suns,,2017,19.5,0.547,0.004,0.419,14.0,31.2,22.4,5.2,1.8,3.7,10.5,20.9,1.1,0.9,0.142,-1.8,0.1,-1.7,0.1,PHO,47,0,708,9.3,18.1,0.517,0.0,0.1,0.0,9.3,18.0,0.519,4.7,7.6,0.625,6.4,13.4,19.7,1.6,1.8,2.2,2.5,8.5,23.4,113.0,106,17.0,3.0,5.666666666666667,6.573333333333333
55,75,Jonathon Simmons\simmojo02,G-F,29-277,UFA,SAS,6.2 Pts 2.1 Reb 1.6 Ast,2.0,ORL,Signed 3-yr/$20M deal with Magic,,2017,9.9,0.504,0.242,0.314,1.7,11.1,6.5,13.2,1.7,1.5,13.7,18.0,-0.1,2.1,0.068,-2.8,0.9,-1.9,0.0,SAS,78,8,1392,6.5,15.4,0.42,1.1,3.7,0.294,5.4,11.7,0.461,3.6,4.8,0.75,0.7,5.1,5.9,4.6,1.7,0.9,2.8,5.3,17.7,100.0,105,20.0,3.0,6.666666666666667,7.733333333333333
56,80,Rudy Gay\gayru01,F,32-305,UFA,SAC,18.7 Pts 6.3 Reb 2.8 Ast,1.8,SAS,Signed 2-yr/$17M deal with Spurs,,2017,17.9,0.5589999999999999,0.256,0.312,4.0,17.5,10.8,14.1,2.2,2.3,12.8,25.8,0.8,1.0,0.087,0.3,0.4,0.7,0.7,SAC,30,30,1013,10.0,22.1,0.455,2.1,5.6,0.37200000000000005,7.9,16.4,0.483,5.9,6.9,0.855,1.7,7.7,9.5,4.1,2.2,1.3,3.7,3.9,28.1,105.0,109,17.0,2.0,8.5,9.86
57,86,Dion Waiters\waitedi01,G,27-190,UFA,MIA,15.8 Pts 3.3 Reb 4.3 Ast,1.6,MIA,Signed 4-yr/$52M deal with Heat,,2017,14.5,0.507,0.324,0.192,1.4,10.9,6.1,23.8,1.5,1.1,12.5,26.3,0.2,1.5,0.057,-0.1,-0.8,-0.9,0.4,MIA,46,43,1384,10.2,24.1,0.424,3.1,7.8,0.395,7.1,16.3,0.43799999999999994,3.0,4.6,0.6459999999999999,0.7,4.9,5.6,7.3,1.5,0.7,3.8,3.5,26.6,101.0,109,52.0,4.0,13.0,15.079999999999998
58,90,Shelvin Mack\macksh01,G,29-057,UFA,UTA,7.8 Pts 2.3 Reb 2.8 Ast,1.4,ORL,Signed 2-yr/$12M deal with Magic,,2017,10.9,0.518,0.315,0.20199999999999999,2.0,9.8,6.0,20.4,1.8,0.2,17.8,19.6,-0.1,1.5,0.054000000000000006,-1.7,-0.1,-1.8,0.1,UTA,55,9,1205,7.4,16.6,0.446,1.6,5.2,0.308,5.8,11.4,0.51,2.3,3.4,0.688,0.9,4.6,5.4,6.7,1.8,0.1,3.9,4.4,18.7,99.0,107,12.0,2.0,6.0,6.959999999999999
59,91,Langston Galloway\gallola01,G,27-191,UFA,SAC,7.9 Pts 2.1 Reb 1.3 Ast,1.3,DET,Signed 3-yr/$21M deal with Pistons,,2017,10.4,0.51,0.565,0.11699999999999999,2.0,9.3,5.6,9.4,1.5,0.3,7.4,18.4,0.2,1.1,0.04,-0.9,-1.7,-2.6,-0.2,TOT,74,2,1495,6.8,18.0,0.38,4.0,10.2,0.39,2.9,7.8,0.36700000000000005,1.7,2.1,0.797,0.9,4.3,5.2,3.1,1.5,0.2,1.5,3.2,19.3,101.0,111,21.0,3.0,7.0,8.12
60,97,Jodie Meeks\meeksjo01,G,31-301,UFA,ORL,9.1 Pts 2.1 Reb 1.3 Ast,1.1,WAS,Signed 2-yr/$7M deal with Wizards,,2017,13.1,0.5670000000000001,0.535,0.289,0.7,10.9,5.7,9.3,2.3,0.4,11.1,19.4,0.5,0.6,0.073,-0.4,-1.4,-1.8,0.0,ORL,36,10,738,6.9,17.2,0.402,3.8,9.2,0.409,3.2,8.0,0.395,4.4,5.0,0.878,0.3,4.8,5.2,3.0,2.3,0.3,2.4,2.8,22.0,107.0,111,7.0,2.0,3.5,4.06
61,98,Reggie Bullock\bullore01,G-F,28-094,UFA,DET,4.5 Pts 2.1 Reb 0.9 Ast,1.0,DET,Signed 2-yr/$5M deal with Pistons,,2017,11.7,0.5379999999999999,0.57,0.055,2.9,12.4,7.5,8.8,1.9,0.5,7.1,13.4,0.4,0.5,0.10099999999999999,-0.4,0.5,0.1,0.2,DET,31,5,467,5.8,13.8,0.42200000000000004,3.0,7.9,0.384,2.8,5.9,0.473,0.5,0.8,0.7140000000000001,1.4,5.5,6.9,3.1,1.9,0.3,1.1,2.4,15.3,112.0,108,5.0,2.0,2.5,2.9
62,106,Tyreke Evans\evansty01,G-F,29-272,UFA,SAC,10.3 Pts 3.4 Reb 3.1 Ast,0.7,MEM,Signed 1-yr/$3.3M deal with Grizzlies,,2017,15.5,0.501,0.319,0.249,1.8,17.2,9.5,25.9,2.2,1.0,12.9,26.7,-0.2,0.9,0.045,-0.7,-0.1,-0.9,0.2,TOT,40,6,788,9.4,23.3,0.405,2.6,7.4,0.35600000000000004,6.8,15.9,0.429,4.3,5.8,0.75,0.8,7.8,8.6,7.8,2.2,0.6,3.8,3.8,25.9,99.0,108,3.3,1.0,3.3,3.8279999999999994
63,108,Jeff Green\greenje02,F,32-294,UFA,ORL,9.2 Pts 3.1 Reb 1.2 Ast,0.7,CLE,Signed 1-yr/$2.3M deal with Cavaliers,,2017,10.5,0.505,0.34600000000000003,0.301,2.7,12.8,7.6,8.1,1.2,0.7,10.6,20.3,-0.2,0.9,0.022000000000000002,-2.8,-1.8,-4.6,-1.0,ORL,69,11,1534,7.1,18.0,0.39399999999999996,1.7,6.2,0.275,5.4,11.8,0.45799999999999996,4.7,5.4,0.863,1.3,5.7,6.9,2.6,1.2,0.4,2.4,3.3,20.6,99.0,113,2.3,1.0,2.3,2.6679999999999997
64,121,Ben McLemore\mclembe01,G,26-127,UFA,SAC,8.1 Pts 2.1 Reb 0.8 Ast,0.4,MEM,Signed 2-yr/$10.6M deal with Grizzlies,,2017,9.8,0.5379999999999999,0.406,0.222,1.9,10.7,6.3,6.9,1.2,0.5,11.9,20.1,-0.1,0.5,0.015,-2.2,-2.7,-4.9,-0.9,SAC,61,26,1176,7.7,18.0,0.43,2.8,7.3,0.382,4.9,10.7,0.462,3.0,4.0,0.753,0.8,4.7,5.6,2.2,1.2,0.3,2.7,4.6,21.3,99.0,114,10.6,2.0,5.3,6.148
65,133,Michael Carter-Williams\cartemi01,G,27-251,UFA,CHI,6.6 Pts 3.4 Reb 2.5 Ast,0.2,CHO,Signed 1-yr/$2.7M deal with Hornets,,2017,9.9,0.43700000000000006,0.209,0.252,3.0,16.6,9.8,20.0,2.3,2.2,16.3,20.9,-1.0,1.3,0.013000000000000001,-4.1,1.7,-2.4,-0.1,CHI,45,19,846,6.7,18.2,0.366,0.9,3.8,0.23399999999999999,5.8,14.4,0.401,3.5,4.6,0.753,1.4,7.7,9.1,6.7,2.3,1.4,3.9,6.1,17.7,90.0,105,2.7,1.0,2.7,3.132
66,156,Ron Baker\bakerro01,G,26-080,RFA,NYK,4.1 Pts 1.9 Reb 2.1 Ast,-0.1,NYK,Signed 2-yr/$8.9M deal with Knicks,,2017,7.5,0.456,0.396,0.198,1.5,10.8,6.2,17.3,2.0,0.8,19.2,14.8,-0.6,0.5,-0.008,-3.5,-0.9,-4.4,-0.5,NYK,52,13,857,4.8,12.7,0.37799999999999995,1.3,5.0,0.267,3.4,7.6,0.45,1.6,2.5,0.6509999999999999,0.7,5.0,5.7,6.2,2.0,0.5,3.3,4.3,12.5,92.0,113,8.9,2.0,4.45,5.162
0,1,LeBron James\jamesle01,F-G,34-170,UFA,CLE,27.5 Pts 8.6 Reb 9.1 Ast,14.0,LAL,Signed 4-yr maximum salary contract ($153.31MM),,2018,28.6,0.621,0.257,0.336,3.7,22.3,13.1,44.4,1.9,2.0,16.1,31.6,11.0,3.0,0.221,7.6,2.0,9.6,8.9,CLE,82,82,3026,13.9,25.6,0.542,2.4,6.6,0.36700000000000005,11.5,19.0,0.603,6.3,8.6,0.731,1.6,9.9,11.5,12.1,1.9,1.1,5.6,2.2,36.4,118.0,109,153.31,4.0,38.3275,42.160250000000005
1,2,Nikola Jokic\jokicni01,C-F,24-119,UFA,DEN,18.5 Pts 10.7 Reb 6.1 Ast,10.7,DEN,Signed 5-yr maximum salary contract ($147.71MM),,2018,24.4,0.603,0.27699999999999997,0.31,9.0,27.9,18.5,29.6,1.8,2.1,15.5,24.2,7.8,2.9,0.21100000000000002,4.8,2.3,7.1,5.6,DEN,75,73,2443,10.2,20.5,0.499,2.3,5.7,0.396,8.0,14.8,0.5379999999999999,5.4,6.4,0.85,4.0,12.3,16.3,9.3,1.8,1.2,4.3,4.3,28.1,121.0,107,147.71,5.0,29.542,32.4962
2,3,Kevin Durant\duranke01,F-G,30-262,UFA,GSW,26.4 Pts 6.8 Reb 5.4 Ast,10.4,GSW,Signed 2-yr $61.5MM contract second year player option,,2018,26.0,0.64,0.33799999999999997,0.331,1.6,19.5,11.2,25.5,1.0,4.0,12.9,30.4,7.5,2.9,0.215,5.0,0.7,5.6,4.5,GSW,68,68,2325,13.1,25.3,0.516,3.6,8.6,0.419,9.5,16.8,0.565,7.4,8.4,0.889,0.6,9.0,9.6,7.6,1.0,2.5,4.3,2.8,37.1,119.0,107,61.5,2.0,30.75,33.825
3,4,Clint Capela\capelca01,C,25-031,RFA,HOU,13.9 Pts 10.8 Reb 0.9 Ast,10.2,HOU,Signed 5-yr $87.5MM contract,,2018,24.5,0.65,0.001,0.38,13.5,30.8,22.2,5.7,1.4,5.7,11.5,19.4,6.2,4.1,0.242,0.1,2.9,3.0,2.6,HOU,74,74,2034,10.7,16.4,0.652,0.0,0.0,0.0,10.7,16.3,0.653,3.5,6.2,0.56,5.8,13.6,19.4,1.6,1.4,3.3,2.5,4.5,24.8,126.0,101,87.5,5.0,17.5,19.25
4,5,Chris Paul\paulch01,G,34-043,UFA,HOU,18.6 Pts 5.4 Reb 7.9 Ast,10.2,HOU,Signed 4-yr maximum salary contract ($159.73MM),,2018,24.4,0.604,0.475,0.27699999999999997,2.3,16.7,9.5,40.9,2.6,0.6,12.5,24.5,7.5,2.7,0.265,6.2,0.9,7.1,4.3,HOU,58,58,1847,9.8,21.3,0.46,3.8,10.1,0.38,5.9,11.2,0.532,5.4,5.9,0.919,1.0,7.4,8.3,12.2,2.6,0.4,3.4,3.8,28.8,126.0,105,159.73,4.0,39.9325,43.92575
5,6,DeAndre Jordan\jordade01,C,30-332,UFA,LAC,12.0 Pts 15.2 Reb 1.5 Ast,9.4,DAL,Signed 1-yr $22.897MM contract,,2018,20.2,0.648,0.0,0.54,15.1,37.6,26.5,7.1,0.8,2.4,16.1,15.2,6.0,3.4,0.18600000000000003,0.5,1.6,2.1,2.5,LAC,77,77,2424,7.5,11.6,0.645,0.0,0.0,,7.5,11.6,0.645,3.6,6.3,0.58,6.6,16.9,23.5,2.3,0.8,1.4,2.7,4.1,18.6,125.0,105,22.897,1.0,22.897,25.186700000000002
6,7,Paul George\georgpa01,F,29-047,UFA,OKC,21.9 Pts 5.7 Reb 3.3 Ast,8.9,OKC,Signed 4-yr maximum salary contract ($136.91MM),,2018,18.7,0.57,0.45399999999999996,0.307,2.7,14.9,8.6,14.5,2.8,1.2,12.2,25.7,5.0,3.9,0.147,2.5,0.0,2.6,3.3,OKC,79,79,2891,9.9,23.0,0.43,4.2,10.5,0.401,5.7,12.5,0.45399999999999996,5.8,7.1,0.8220000000000001,1.2,6.4,7.7,4.5,2.8,0.7,3.6,4.0,29.8,112.0,106,136.91,4.0,34.2275,37.65025
7,8,Derrick Favors\favorde01,F-C,27-338,UFA,UTA,12.3 Pts 7.2 Reb 1.3 Ast,8.0,UTA,Signed 2-yr $33.8MM contract second year guaranteed after 7/6/19,,2018,18.8,0.593,0.09,0.306,10.6,18.5,14.6,7.8,1.3,3.2,9.9,18.5,4.5,3.5,0.179,0.5,2.2,2.7,2.5,UTA,77,77,2153,9.2,16.4,0.563,0.3,1.5,0.222,8.9,14.9,0.596,3.3,5.0,0.6509999999999999,4.6,8.2,12.9,2.4,1.3,1.9,2.0,3.8,22.0,119.0,104,33.8,2.0,16.9,18.59
8,9,Dwight Howard\howardw01,C,33-192,UFA,BRK,16.6 Pts 12.5 Reb 1.3 Ast,6.8,WAS,Signed 2-yr $10.941MM contract second year player option,,2018,20.5,0.5770000000000001,0.008,0.639,11.0,33.8,22.2,7.1,1.0,4.4,15.1,24.2,2.9,3.9,0.132,-2.0,1.7,-0.3,1.1,CHO,81,81,2463,10.0,18.0,0.555,0.0,0.1,0.14300000000000002,10.0,17.9,0.5589999999999999,6.6,11.5,0.574,5.0,15.0,20.0,2.1,1.0,2.6,4.1,4.9,26.7,108.0,104,10.941,2.0,5.4705,6.017550000000001
9,10,Julius Randle\randlju01,F-C,24-201,UFA,LAL,16.1 Pts 8.0 Reb 2.6 Ast,6.6,NOP,Signed 2-yr $17.714MM contract second year player option,,2018,19.9,0.606,0.05,0.47,8.9,22.8,15.9,15.8,0.9,1.7,16.3,25.3,4.0,2.6,0.145,0.4,0.6,0.9,1.6,LAL,82,49,2190,11.0,19.7,0.5579999999999999,0.2,1.0,0.222,10.8,18.8,0.575,6.7,9.3,0.718,4.0,10.3,14.3,4.6,0.9,1.0,4.7,6.0,28.9,112.0,107,17.714,2.0,8.857,9.7427
10,11,J.J. Redick\redicjj01,G,34-359,UFA,PHI,17.1 Pts 2.5 Reb 3.0 Ast,6.6,PHI,Signed 1-yr $12.25MM contract,,2018,15.9,0.614,0.523,0.248,0.5,8.3,4.5,15.1,0.8,0.2,9.6,21.7,4.8,1.8,0.15,2.6,-2.6,0.0,1.1,PHI,70,70,2116,9.2,20.0,0.46,4.4,10.5,0.42,4.8,9.5,0.504,4.5,5.0,0.904,0.2,3.8,4.0,4.8,0.8,0.1,2.3,2.8,27.2,119.0,110,12.25,1.0,12.25,13.475000000000001
11,12,Kyle Anderson\anderky01,F-G,25-271,RFA,SAS,7.9 Pts 5.4 Reb 2.7 Ast,6.2,MEM,Signed 4-yr $37.156MM contract,,2018,15.9,0.5820000000000001,0.13,0.33299999999999996,4.7,17.6,11.1,14.7,2.9,2.5,15.8,13.5,2.4,3.8,0.151,-0.3,4.3,4.1,3.0,SAS,74,67,1978,5.9,11.2,0.527,0.5,1.5,0.33299999999999996,5.4,9.7,0.556,2.7,3.7,0.7120000000000001,2.1,8.0,10.1,5.2,2.9,1.5,2.4,2.9,14.9,114.0,101,37.156,4.0,9.289,10.2179
12,13,Will Barton\bartowi01,G,28-163,UFA,DEN,15.7 Pts 5.0 Reb 4.1 Ast,6.2,DEN,Signed 4-yr $53MM contract fourth year player option,,2018,16.2,0.562,0.41100000000000003,0.22,3.0,14.2,8.6,18.5,1.5,1.6,11.7,20.7,4.4,1.8,0.111,1.6,-0.6,1.0,2.0,DEN,81,40,2683,8.6,19.0,0.452,2.9,7.8,0.37,5.7,11.2,0.51,3.4,4.2,0.805,1.3,6.3,7.6,6.1,1.5,1.0,2.8,3.1,23.4,113.0,112,53.0,4.0,13.25,14.575000000000001
13,14,Montrezl Harrell\harremo01,F-C,25-143,RFA,LAC,11.0 Pts 4.0 Reb 1.0 Ast,5.5,LAC,Signed 2-yr $12MM contract,,2018,24.7,0.647,0.013000000000000001,0.405,8.9,17.0,13.0,10.1,1.4,3.4,9.5,23.8,4.3,1.3,0.205,2.4,0.0,2.4,1.5,LAC,76,3,1293,13.1,20.6,0.635,0.0,0.3,0.14300000000000002,13.0,20.3,0.6409999999999999,5.2,8.3,0.626,3.9,7.6,11.5,2.8,1.4,2.0,2.6,5.4,31.4,124.0,109,12.0,2.0,6.0,6.6000000000000005
14,15,Jerami Grant\grantje01,F,25-098,UFA,OKC,8.4 Pts 3.9 Reb 0.7 Ast,5.4,OKC,Signed 3-yr $27.346MM contract third year is player option,,2018,16.2,0.607,0.24100000000000002,0.526,5.6,16.3,10.7,5.1,0.9,4.2,8.8,16.0,3.5,1.9,0.156,-0.8,0.2,-0.6,0.6,OKC,81,1,1647,7.4,13.7,0.535,1.0,3.3,0.29100000000000004,6.4,10.4,0.613,4.9,7.2,0.675,2.6,7.0,9.6,1.7,0.9,2.3,1.6,4.7,20.6,122.0,108,27.346,3.0,9.115333333333334,10.026866666666669
15,16,Trevor Ariza\arizatr01,F,33-353,UFA,HOU,11.7 Pts 4.4 Reb 1.6 Ast,5.3,PHO,Signed 1-yr $15MM contract,,2018,11.8,0.5670000000000001,0.71,0.13699999999999998,1.7,12.9,7.3,6.8,2.1,0.5,7.0,14.4,2.6,2.8,0.113,0.8,0.7,1.5,2.0,HOU,67,67,2269,5.8,14.1,0.41200000000000003,3.7,10.0,0.368,2.1,4.1,0.519,1.6,1.9,0.8540000000000001,0.7,5.7,6.4,2.3,2.1,0.3,1.1,2.9,17.0,114.0,107,15.0,1.0,15.0,16.5
16,17,Kentavious Caldwell-Pope\caldwke01,G,26-120,UFA,LAL,13.4 Pts 5.2 Reb 2.2 Ast,5.3,LAL,Signed 1-yr $12MM contract,,2018,13.2,0.561,0.52,0.243,2.6,14.1,8.4,9.4,2.1,0.5,9.9,16.9,2.6,2.7,0.10300000000000001,0.6,0.4,1.0,1.9,LAL,74,74,2458,6.6,15.5,0.426,3.1,8.1,0.38299999999999995,3.5,7.5,0.473,3.0,3.8,0.789,1.2,6.4,7.5,3.2,2.1,0.3,1.9,2.8,19.3,111.0,108,12.0,1.0,12.0,13.200000000000001
17,18,Anthony Tolliver\tollian01,F-C,34-017,UFA,DET,8.9 Pts 3.1 Reb 1.1 Ast,5.3,MIN,Signed 1-yr $5.75MM contract,,2018,13.9,0.6629999999999999,0.773,0.282,3.1,12.3,7.6,7.5,0.9,1.1,9.9,14.8,3.8,1.5,0.146,2.3,-0.8,1.5,1.5,DET,79,14,1757,6.2,13.4,0.46399999999999997,4.5,10.4,0.436,1.7,3.0,0.561,3.0,3.8,0.797,1.4,5.4,6.8,2.6,0.9,0.6,1.6,4.1,20.0,126.0,110,5.75,1.0,5.75,6.325
18,19,Ed Davis\davised01,F,30-013,UFA,POR,5.3 Pts 7.4 Reb 0.5 Ast,5.0,BRK,Signed 1-yr $4.449MM contract,,2018,15.5,0.607,0.003,0.38,13.7,28.8,21.3,3.9,1.1,2.9,16.2,12.1,2.5,2.5,0.16399999999999998,-1.8,1.8,0.0,0.7,POR,78,0,1471,5.7,9.9,0.5820000000000001,0.0,0.0,0.0,5.7,9.8,0.584,2.5,3.8,0.667,6.2,13.3,19.4,1.4,1.1,1.8,2.2,6.4,14.0,121.0,103,4.449,1.0,4.449,4.8939
19,20,Dirk Nowitzki\nowitdi01,F,40-364,UFA,DAL,12.0 Pts 5.7 Reb 1.6 Ast,4.8,DAL,Signed 1-yr $5MM contract,,2018,16.7,0.575,0.445,0.142,1.2,25.2,12.8,10.4,1.1,2.1,6.0,20.5,2.6,2.2,0.121,0.1,0.3,0.3,1.1,DAL,77,77,1900,9.1,20.0,0.456,3.6,8.9,0.409,5.5,11.1,0.494,2.6,2.9,0.898,0.6,11.0,11.6,3.2,1.1,1.2,1.3,3.9,24.5,112.0,108,5.0,1.0,5.0,5.5
20,21,Kyle O'Quinn\oquinky01,F-C,29-084,UFA,NYK,7.1 Pts 6.1 Reb 2.1 Ast,4.8,IND,Signed 1-yr $4.449MM contract,,2018,20.0,0.625,0.044000000000000004,0.331,9.7,27.8,18.8,16.8,1.3,6.1,18.5,17.0,2.7,2.1,0.166,0.2,4.3,4.5,2.3,NYK,77,10,1387,8.0,13.7,0.583,0.1,0.6,0.235,7.9,13.1,0.599,3.5,4.5,0.772,4.3,12.5,16.8,5.6,1.3,3.5,3.6,6.9,19.7,118.0,105,4.449,1.0,4.449,4.8939
21,22,DeMarcus Cousins\couside01,C-F,28-309,UFA,NOP,25.2 Pts 12.9 Reb 5.4 Ast,4.7,GSW,Signed 1-yr $5.337MM contract,,2018,22.6,0.583,0.34,0.456,6.8,30.9,19.2,23.0,2.2,3.5,18.9,31.9,1.5,3.2,0.13,1.9,3.6,5.5,3.3,NOP,48,48,1737,11.2,23.7,0.47,2.9,8.1,0.354,8.3,15.7,0.53,8.1,10.8,0.746,2.9,14.1,17.0,7.1,2.2,2.1,6.7,5.0,33.3,104.0,102,5.337,1.0,5.337,5.8707
22,23,Jusuf Nurkic\nurkiju01,C,24-299,RFA,POR,14.3 Pts 9.0 Reb 1.8 Ast,4.7,POR,Signed 4-yr $48MM contract $4MM partial guarantee in 4th year,,2018,19.2,0.528,0.006999999999999999,0.287,10.0,26.9,18.5,11.7,1.5,4.3,14.6,26.4,0.8,3.9,0.10800000000000001,-2.6,2.8,0.3,1.2,POR,79,79,2088,11.4,22.7,0.505,0.0,0.2,0.0,11.4,22.5,0.508,4.1,6.5,0.63,4.5,12.4,16.9,3.4,1.5,2.6,4.4,5.9,27.0,102.0,101,48.0,4.0,12.0,13.200000000000001
23,24,Fred VanVleet\vanvlfr01,G,25-113,UFA,TOR,8.6 Pts 2.4 Reb 3.2 Ast,4.7,TOR,Signed 2-yr $18MM contract,,2018,15.9,0.556,0.479,0.185,1.9,11.5,6.8,22.8,2.2,1.0,11.2,19.1,2.7,2.0,0.149,1.9,0.1,1.9,1.5,TOR,76,0,1520,7.5,17.7,0.426,3.5,8.5,0.414,4.0,9.2,0.43700000000000006,2.7,3.3,0.8320000000000001,0.8,5.2,6.0,7.9,2.2,0.6,2.4,4.2,21.3,115.0,106,18.0,2.0,9.0,9.9
24,25,Wayne Ellington\ellinwa01,G,31-201,UFA,MIA,11.2 Pts 2.8 Reb 1.0 Ast,4.5,MIA,Signed 1-yr $6.27MM contract,,2018,12.5,0.588,0.8270000000000001,0.111,1.3,10.7,6.0,5.9,1.3,0.3,6.6,17.3,2.6,1.9,0.105,1.8,-1.8,0.0,1.0,MIA,77,2,2041,7.0,17.2,0.40700000000000003,5.6,14.2,0.392,1.4,3.0,0.479,1.6,1.9,0.8590000000000001,0.6,4.8,5.4,1.9,1.3,0.2,1.3,2.3,21.3,113.0,110,6.27,1.0,6.27,6.897
25,26,Alex Len\lenal01,C,26-002,UFA,PHO,8.5 Pts 7.5 Reb 1.2 Ast,4.5,ATL,Signed 2-yr $8.51MM contract,,2018,19.4,0.612,0.008,0.611,13.2,26.7,19.8,9.1,0.9,3.5,14.0,17.0,3.2,1.3,0.154,-0.3,1.1,0.8,1.0,PHO,69,13,1395,7.3,13.0,0.5660000000000001,0.0,0.1,0.33299999999999996,7.3,12.9,0.568,5.4,7.9,0.684,6.0,11.8,17.8,2.8,0.9,2.1,2.7,5.4,20.1,121.0,110,8.51,2.0,4.255,4.6805
26,27,Tyreke Evans\evansty01,G-F,29-272,UFA,MEM,19.4 Pts 5.1 Reb 5.2 Ast,4.2,IND,Signed 1-yr $12.4MM contract,,2018,21.1,0.561,0.354,0.258,3.1,16.3,9.5,31.2,1.8,1.0,11.5,28.4,3.1,1.2,0.126,4.4,-0.8,3.6,2.3,MEM,52,32,1607,11.5,25.5,0.452,3.6,9.0,0.39899999999999997,7.9,16.5,0.48200000000000004,5.2,6.6,0.785,1.4,7.0,8.3,8.5,1.8,0.5,3.7,3.0,31.8,111.0,111,12.4,1.0,12.4,13.640000000000002
27,29,Joe Harris\harrijo01,G,27-285,UFA,BRK,10.8 Pts 3.3 Reb 1.6 Ast,4.0,BRK,Signed 2-yr $16MM contract,,2018,13.3,0.634,0.5760000000000001,0.16699999999999998,2.7,11.3,7.0,10.2,0.9,0.8,12.0,16.6,3.0,0.9,0.09699999999999999,1.3,-1.2,0.1,1.1,BRK,78,14,1975,7.5,15.3,0.491,3.7,8.8,0.419,3.8,6.5,0.589,2.1,2.6,0.8270000000000001,1.3,5.1,6.4,3.1,0.9,0.5,2.2,3.8,20.8,116.0,113,16.0,2.0,8.0,8.8
28,30,Ersan Ilyasova\ilyaser01,F,32-034,UFA,PHI,10.9 Pts 5.9 Reb 1.3 Ast,4.0,MIL,Signed 3-yr $21MM contract third year not guaranteed,,2018,14.9,0.5579999999999999,0.413,0.22,7.6,18.0,12.9,7.9,1.7,1.3,9.7,18.7,2.2,1.9,0.11199999999999999,0.2,-0.1,0.1,0.9,TOT,69,43,1729,7.8,17.2,0.452,2.6,7.1,0.36,5.2,10.1,0.517,3.0,3.8,0.778,3.3,8.1,11.4,2.5,1.7,0.7,2.0,4.4,21.1,111.0,108,21.0,3.0,7.0,7.700000000000001
29,32,Brook Lopez\lopezbr01,C,31-078,UFA,LAL,13.0 Pts 4.0 Reb 1.7 Ast,3.8,MIL,Signed 1-yr $3.382MM contract,,2018,16.5,0.557,0.41,0.19899999999999998,4.6,13.4,9.0,11.6,0.8,4.6,10.2,23.5,1.9,1.9,0.105,0.3,0.2,0.5,1.1,LAL,74,72,1735,10.2,21.9,0.465,3.1,9.0,0.345,7.1,12.9,0.5489999999999999,3.1,4.4,0.703,2.0,6.1,8.1,3.5,0.8,2.7,2.7,5.4,26.5,108.0,108,3.382,1.0,3.382,3.7202000000000006
30,34,Marco Belinelli\belinma01,G-F,33-085,UFA,PHI,12.1 Pts 1.9 Reb 1.9 Ast,3.7,SAS,Signed 2-yr $12MM contract,,2018,14.1,0.581,0.517,0.213,1.1,7.3,4.3,11.9,1.6,0.5,10.1,20.7,2.4,1.3,0.092,0.8,-2.1,-1.3,0.3,TOT,80,2,1947,8.4,19.1,0.441,3.7,9.9,0.377,4.7,9.2,0.509,3.7,4.1,0.9079999999999999,0.5,3.3,3.8,3.7,1.6,0.3,2.3,2.3,24.2,110.0,111,12.0,2.0,6.0,6.6000000000000005
31,35,Rajon Rondo\rondora01,G,33-116,UFA,NOP,8.3 Pts 4.0 Reb 8.2 Ast,3.6,LAL,Signed 1-yr $9MM contract,,2018,15.3,0.522,0.304,0.09300000000000001,2.0,14.2,8.4,42.2,2.0,0.5,22.7,16.9,1.9,1.7,0.10099999999999999,-0.4,-0.7,-1.1,0.4,NOP,65,63,1705,6.5,13.8,0.46799999999999997,1.4,4.2,0.33299999999999996,5.1,9.6,0.526,0.7,1.3,0.5429999999999999,0.9,6.5,7.4,14.9,2.0,0.3,4.2,3.3,15.0,109.0,109,9.0,1.0,9.0,9.9
32,38,Greg Monroe\monrogr01,C-F,29-014,UFA,BOS,10.3 Pts 6.9 Reb 2.2 Ast,3.4,TOR,Signed 1-yr $2.165MM contract,,2018,21.2,0.598,0.0,0.308,11.4,25.2,18.3,18.7,2.1,1.8,17.7,22.4,1.8,1.6,0.155,0.1,2.3,2.4,1.2,TOT,51,14,1040,10.3,18.2,0.565,0.0,0.0,,10.3,18.2,0.565,4.1,5.6,0.7390000000000001,5.1,11.4,16.5,5.4,2.1,1.1,4.4,4.5,24.7,112.0,105,2.165,1.0,2.165,2.3815000000000004
33,40,Shabazz Napier\napiesh01,G,27-339,UFA,POR,8.7 Pts 2.3 Reb 2.0 Ast,3.2,BRK,Signed 2-yr $3.788MM contract second year team option,,2018,14.2,0.544,0.41100000000000003,0.26,1.9,10.1,6.0,14.6,2.6,0.7,13.2,19.5,1.2,2.0,0.10099999999999999,-0.2,0.3,0.2,0.8,POR,74,10,1535,7.2,17.2,0.42,2.7,7.1,0.376,4.6,10.1,0.45,3.8,4.5,0.841,0.8,4.7,5.5,4.9,2.6,0.5,2.9,2.7,20.9,107.0,106,3.788,2.0,1.894,2.0834
34,41,Davis Bertans\bertada01,F,26-218,RFA,SAS,5.9 Pts 2.0 Reb 1.0 Ast,3.1,SAS,Signed 2-yr $14MM contract,,2018,14.1,0.588,0.6890000000000001,0.134,1.8,13.9,7.8,10.3,1.2,2.1,8.5,17.4,1.6,1.4,0.135,1.2,-0.3,1.0,0.8,SAS,77,10,1086,7.5,17.0,0.44,4.4,11.7,0.373,3.1,5.3,0.588,1.9,2.3,0.816,0.8,6.3,7.1,3.4,1.2,1.3,1.7,4.3,21.2,115.0,106,14.0,2.0,7.0,7.700000000000001
35,42,James Ennis\ennisja01,F,28-352,UFA,DET,7.1 Pts 3.1 Reb 1.0 Ast,3.1,HOU,Signed 2-yr $3.467MM contract second year player option,,2018,11.6,0.588,0.39799999999999996,0.302,5.1,11.0,8.0,6.6,1.5,1.0,11.4,13.7,2.0,1.1,0.092,-0.6,-0.5,-1.1,0.4,TOT,72,22,1604,5.7,12.0,0.474,1.6,4.8,0.33299999999999996,4.1,7.2,0.5670000000000001,3.0,3.6,0.836,2.3,4.7,7.0,2.2,1.5,0.6,1.8,4.2,16.1,115.0,112,3.467,2.0,1.7335,1.9068500000000002
36,43,Rudy Gay\gayru01,F,32-305,UFA,SAS,11.5 Pts 5.1 Reb 1.3 Ast,3.1,SAS,Signed 1-yr $10.087MM contract,,2018,18.0,0.545,0.22,0.27,6.8,19.5,13.1,9.8,1.9,2.6,11.5,24.6,1.0,2.1,0.122,-0.7,1.0,0.3,0.7,SAS,57,6,1231,10.4,22.0,0.47100000000000003,1.5,4.8,0.314,8.9,17.2,0.516,4.6,6.0,0.772,3.1,8.8,11.9,3.0,1.9,1.6,3.2,4.0,26.9,106.0,103,10.087,1.0,10.087,11.0957
37,44,Aron Baynes\baynear01,C,32-191,UFA,BOS,6.0 Pts 5.4 Reb 1.1 Ast,3.0,BOS,Signed 2-yr $10.647MM contract,,2018,12.0,0.502,0.047,0.175,9.7,22.1,16.0,9.6,0.7,2.9,14.3,16.8,0.5,2.5,0.09699999999999999,-3.8,2.1,-1.7,0.1,BOS,81,67,1485,7.1,15.0,0.47100000000000003,0.1,0.7,0.14300000000000002,7.0,14.3,0.48700000000000004,2.0,2.6,0.7559999999999999,4.4,10.2,14.6,3.1,0.7,1.7,2.7,6.7,16.2,103.0,103,10.647,2.0,5.3235,5.85585
38,45,Yogi Ferrell\ferreyo01,G,26-040,UFA,DAL,10.2 Pts 3.0 Reb 2.5 Ast,3.0,SAC,Signed 2-yr $6.15MM contract second year not guaranteed,,2018,11.4,0.54,0.49200000000000005,0.141,1.2,11.2,6.1,13.5,1.4,0.4,9.1,17.0,1.5,1.5,0.064,-0.4,-0.6,-1.0,0.6,DAL,82,21,2282,6.8,16.1,0.426,2.9,7.9,0.373,3.9,8.2,0.47700000000000004,1.8,2.3,0.7959999999999999,0.6,4.9,5.5,4.4,1.4,0.2,1.7,3.4,18.4,107.0,112,6.15,2.0,3.075,3.3825000000000003
39,47,Aaron Gordon\gordoaa01,F,23-275,RFA,ORL,17.6 Pts 7.9 Reb 2.3 Ast,2.9,ORL,Signed 4-yr $76MM contract,,2018,16.5,0.53,0.395,0.26,5.0,21.5,13.2,11.7,1.5,1.9,10.0,24.7,0.9,2.0,0.07200000000000001,0.0,0.0,0.0,1.0,ORL,58,57,1909,9.6,22.2,0.434,2.9,8.8,0.336,6.7,13.4,0.49700000000000005,4.0,5.8,0.698,2.2,9.5,11.7,3.5,1.5,1.2,2.7,2.8,26.2,103.0,109,76.0,4.0,19.0,20.900000000000002
40,48,Nemanja Bjelica\bjeline01,F,31-040,UFA,MIN,6.8 Pts 4.1 Reb 1.3 Ast,2.8,SAC,Signed 3-yr $20.475MM contract third year not guaranteed,,2018,12.6,0.581,0.493,0.121,4.4,18.8,11.5,8.7,1.8,1.0,11.7,14.3,1.7,1.1,0.09699999999999999,0.6,-0.1,0.5,0.9,MIN,67,21,1371,6.2,13.5,0.461,2.8,6.7,0.415,3.5,6.9,0.505,1.3,1.6,0.8,1.9,8.1,10.0,3.1,1.8,0.6,1.9,5.1,16.6,114.0,110,20.475,3.0,6.825,7.507500000000001
41,50,Luc Mbah a Moute\mbahalu01,F,32-282,UFA,HOU,7.5 Pts 3.0 Reb 0.9 Ast,2.8,LAC,Signed 1-yr $4.321MM contract,,2018,10.3,0.595,0.501,0.275,1.6,11.7,6.7,5.0,2.3,1.4,15.0,12.8,0.8,2.1,0.087,-1.5,1.5,0.0,0.8,HOU,61,15,1564,5.2,10.9,0.48100000000000004,2.0,5.4,0.364,3.2,5.4,0.599,2.0,3.0,0.684,0.7,5.2,5.9,1.7,2.3,0.8,2.1,3.1,14.5,107.0,106,4.321,1.0,4.321,4.7531
42,51,Elfrid Payton\paytoel01,G,25-116,UFA,PHO,12.7 Pts 4.3 Reb 6.2 Ast,2.8,NOP,Signed 1-yr $3MM contract,,2018,16.5,0.5379999999999999,0.138,0.252,3.8,12.8,8.2,34.9,2.2,1.0,18.5,21.9,1.4,1.4,0.075,0.1,0.0,0.1,1.0,TOT,63,63,1808,8.8,17.9,0.493,0.8,2.5,0.326,8.0,15.5,0.52,2.9,4.5,0.649,1.7,5.6,7.4,10.6,2.2,0.6,4.5,4.0,21.4,105.0,111,3.0,1.0,3.0,3.3000000000000003
43,52,Rodney Hood\hoodro01,G-F,26-241,RFA,CLE,14.7 Pts 2.8 Reb 1.6 Ast,2.7,CLE,Accepted 1-yr $3.47MM qualifying offer,,2018,14.3,0.546,0.44299999999999995,0.172,1.6,9.9,5.8,9.7,1.4,0.6,8.0,24.3,1.2,1.5,0.081,0.2,-2.2,-2.0,0.0,TOT,60,23,1616,9.9,23.1,0.429,3.9,10.3,0.381,6.0,12.9,0.467,3.4,4.0,0.86,0.7,4.4,5.1,2.9,1.4,0.4,2.2,3.2,27.2,106.0,110,3.47,1.0,3.47,3.8170000000000006
44,55,Pat Connaughton\connapa01,G,26-163,UFA,POR,5.4 Pts 2.0 Reb 1.1 Ast,2.5,MIL,Reportedly agreed to 2-yr $3.364MM contract second year not guaranteed,,2018,9.3,0.539,0.5379999999999999,0.113,2.7,9.1,5.9,8.7,0.8,1.2,9.5,13.4,1.2,1.3,0.08,-0.9,-0.4,-1.3,0.3,POR,82,5,1488,5.5,13.0,0.423,2.5,7.0,0.35200000000000004,3.0,6.0,0.506,1.2,1.5,0.841,1.2,4.2,5.4,3.0,0.8,0.7,1.4,4.0,14.7,110.0,110,3.364,2.0,1.682,1.8502
45,57,Mike Scott\scottmi01,F,30-337,UFA,WAS,8.8 Pts 3.3 Reb 1.1 Ast,2.5,LAC,Signed 1-yr $4.321MM contract,,2018,13.6,0.599,0.311,0.145,4.0,15.8,9.9,9.1,0.8,0.6,12.4,20.0,1.4,1.0,0.085,-0.5,-1.8,-2.3,-0.1,WAS,76,1,1406,9.7,18.5,0.527,2.3,5.8,0.405,7.4,12.8,0.5820000000000001,1.8,2.7,0.6579999999999999,1.8,7.0,8.7,2.8,0.8,0.4,2.8,5.2,23.6,109.0,111,4.321,1.0,4.321,4.7531
46,58,Michael Beasley\beaslmi01,F,30-160,UFA,NYK,13.2 Pts 5.6 Reb 1.7 Ast,2.4,LAL,Signed 1-yr $3.5MM contract,,2018,17.8,0.556,0.107,0.19699999999999998,6.5,21.2,13.9,12.5,1.1,2.3,14.0,26.9,0.9,1.5,0.069,-1.0,-0.4,-1.5,0.2,NYK,74,30,1653,12.3,24.2,0.507,1.0,2.6,0.395,11.2,21.6,0.52,3.7,4.8,0.78,2.9,9.5,12.4,3.7,1.1,1.3,4.3,4.3,29.3,103.0,110,3.5,1.0,3.5,3.8500000000000005
47,59,Dante Cunningham\cunnida01,F,32-057,UFA,BRK,5.7 Pts 4.1 Reb 0.7 Ast,2.4,SAS,Signed 1-yr $2.487MM contract,,2018,10.0,0.539,0.462,0.14300000000000002,5.5,14.9,10.3,4.3,1.2,1.5,7.9,11.6,1.1,1.3,0.07400000000000001,-1.4,0.1,-1.4,0.2,TOT,73,25,1562,5.0,11.2,0.451,1.8,5.2,0.345,3.3,6.0,0.541,1.0,1.6,0.596,2.4,6.8,9.2,1.5,1.2,0.9,1.0,3.4,12.8,110.0,110,2.487,1.0,2.487,2.7357000000000005
48,62,Mario Hezonja\hezonma01,F-G,24-113,UFA,ORL,9.6 Pts 3.7 Reb 1.4 Ast,2.3,NYK,Signed 1-yr $6.5MM contract,,2018,13.7,0.544,0.433,0.17,2.7,16.1,9.3,10.0,2.4,1.5,11.5,19.9,0.5,1.8,0.066,-1.0,0.2,-0.8,0.5,ORL,75,30,1657,8.1,18.2,0.442,2.7,7.9,0.337,5.4,10.3,0.523,2.5,3.1,0.8190000000000001,1.2,7.1,8.3,3.1,2.4,0.9,2.5,4.0,21.3,103.0,108,6.5,1.0,6.5,7.15
49,63,Doug McDermott\mcderdo01,F,27-166,UFA,DAL,7.8 Pts 2.5 Reb 1.0 Ast,2.3,IND,Signed 3-yr $22MM contract,,2018,10.4,0.579,0.425,0.159,2.5,10.2,6.3,6.5,0.5,0.8,9.3,15.0,1.7,0.6,0.063,-0.7,-1.7,-2.4,-0.2,TOT,81,4,1768,6.7,14.3,0.467,2.6,6.1,0.426,4.1,8.2,0.49700000000000005,1.8,2.3,0.79,1.1,4.5,5.6,2.2,0.5,0.5,1.6,3.4,17.7,111.0,115,22.0,3.0,7.333333333333333,8.066666666666666
50,67,Bryn Forbes\forbebr01,G,25-330,RFA,SAS,6.9 Pts 1.4 Reb 1.0 Ast,2.1,SAS,Signed to 2-yr $6MM contract,,2018,9.1,0.525,0.45899999999999996,0.145,0.9,7.2,4.0,7.8,0.9,0.1,6.5,16.7,0.8,1.3,0.067,-1.2,-1.9,-3.1,-0.4,SAS,80,12,1517,7.0,16.6,0.42100000000000004,3.0,7.6,0.39,4.0,9.0,0.446,1.6,2.4,0.667,0.4,3.3,3.7,2.7,0.9,0.1,1.2,3.6,18.5,106.0,110,6.0,2.0,3.0,3.3000000000000003
51,70,Marcus Smart\smartma01,G,25-104,RFA,BOS,10.2 Pts 3.5 Reb 4.8 Ast,1.9,BOS,Signed 4-yr $52MM contract,,2018,10.8,0.479,0.483,0.258,3.0,9.8,6.4,23.7,2.2,1.2,18.4,19.4,-0.6,2.5,0.055999999999999994,-1.6,1.1,-0.5,0.6,BOS,54,11,1614,5.9,15.9,0.36700000000000005,2.3,7.7,0.301,3.5,8.2,0.429,3.0,4.1,0.7290000000000001,1.3,4.5,5.9,8.0,2.2,0.7,4.0,4.1,17.0,97.0,104,52.0,4.0,13.0,14.3
52,73,Lance Stephenson\stephla01,G-F,28-286,UFA,IND,9.2 Pts 5.2 Reb 2.9 Ast,1.8,LAL,Signed 1-yr $4.449MM contract,,2018,12.4,0.495,0.327,0.179,3.8,22.0,12.9,18.6,1.2,0.8,14.6,21.6,-0.2,2.0,0.046,-2.0,-0.1,-2.1,0.0,IND,82,7,1850,8.2,19.2,0.42700000000000005,1.8,6.3,0.289,6.4,12.9,0.495,2.3,3.4,0.6609999999999999,1.7,9.8,11.5,6.3,1.2,0.5,3.5,4.8,20.5,99.0,108,4.449,1.0,4.449,4.8939
53,82,Tony Parker\parketo01,G,37-032,UFA,SAS,7.7 Pts 1.7 Reb 3.5 Ast,1.4,CHO,Signed 2-yr $10MM contract,,2018,12.7,0.498,0.095,0.201,0.7,9.2,4.9,28.2,1.3,0.1,13.9,20.5,0.4,1.1,0.065,-2.4,-1.7,-4.1,-0.6,SAS,55,21,1071,8.4,18.3,0.45899999999999996,0.5,1.7,0.27,7.9,16.6,0.479,2.6,3.7,0.705,0.3,4.2,4.5,9.2,1.3,0.0,3.2,2.5,19.9,103.0,109,10.0,2.0,5.0,5.5
54,89,Jabari Parker\parkeja01,F,24-095,UFA,MIL,12.6 Pts 4.9 Reb 1.9 Ast,1.2,CHI,Signed 2-yr $40MM contract second year team option,,2018,17.1,0.55,0.244,0.163,6.6,17.1,11.9,13.1,1.7,1.2,11.2,24.4,0.6,0.6,0.08,-0.2,-1.6,-1.8,0.0,MIL,31,3,743,10.7,22.3,0.48200000000000004,2.1,5.4,0.38299999999999995,8.7,16.8,0.514,2.7,3.6,0.741,2.8,7.3,10.1,4.0,1.7,0.7,3.0,3.4,26.2,106.0,111,40.0,2.0,20.0,22.0
55,97,Raul Neto\netora01,G,27-030,RFA,UTA,4.5 Pts 1.2 Reb 1.8 Ast,0.9,UTA,Signed 2-yr $4.3MM contract,,2018,11.9,0.55,0.311,0.23199999999999998,1.6,9.5,5.6,23.0,1.3,0.7,17.8,18.3,0.3,0.6,0.086,-2.1,-1.1,-3.2,-0.1,UTA,41,0,498,6.9,15.2,0.457,1.9,4.7,0.40399999999999997,5.0,10.5,0.48100000000000004,2.6,3.5,0.743,0.7,4.2,4.9,7.6,1.3,0.4,3.6,3.8,18.4,105.0,108,4.3,2.0,2.15,2.365
56,99,Dante Exum\exumda01,G,23-340,RFA,UTA,8.1 Pts 1.9 Reb 3.1 Ast,0.7,UTA,Signed 3-yr $28.8MM contract,,2018,16.7,0.5660000000000001,0.207,0.35600000000000004,2.0,10.5,6.3,29.7,1.7,1.1,16.6,23.1,0.3,0.3,0.133,-0.5,-0.7,-1.2,0.0,UTA,14,0,235,9.0,18.6,0.483,1.1,3.8,0.278,7.9,14.7,0.536,5.3,6.6,0.8059999999999999,0.9,4.7,5.5,9.2,1.7,0.6,4.3,4.3,24.3,110.0,106,28.8,3.0,9.6,10.56
57,111,Glenn Robinson\robingl02,G-F,25-161,UFA,IND,4.1 Pts 1.6 Reb 0.7 Ast,0.6,DET,Signed 2-yr $8.354MM partially guaranteed contract,,2018,10.8,0.529,0.4,0.129,3.7,8.6,6.2,6.8,1.9,0.3,5.3,12.5,0.4,0.3,0.08800000000000001,-0.9,-0.9,-1.8,0.0,IND,23,1,338,5.3,12.6,0.424,2.1,5.0,0.41200000000000003,3.3,7.5,0.431,1.3,1.6,0.818,1.6,3.8,5.5,2.5,1.9,0.1,0.7,2.1,14.0,114.0,111,8.354,2.0,4.177,4.5947
58,116,Luke Kornet\kornelu01,F,23-338,UFA,NYK,6.7 Pts 3.2 Reb 1.3 Ast,0.5,NYK,Signed 1-yr $1.619MM contract,,2018,13.6,0.516,0.632,0.08800000000000001,3.8,18.0,10.9,11.6,0.9,4.2,8.5,19.0,0.2,0.3,0.077,0.1,0.1,0.2,0.2,NYK,20,1,326,7.5,19.0,0.392,4.3,12.0,0.354,3.2,7.0,0.457,1.2,1.7,0.727,1.7,8.1,9.7,4.0,0.9,2.4,1.8,4.3,20.4,106.0,110,1.619,1.0,1.619,1.7809000000000001
59,119,Troy Williams\willitr02,F,24-170,UFA,NYK,6.3 Pts 3.0 Reb 0.8 Ast,0.5,NOP,Signed 2-yr $3.158MM contract second year team option,,2018,15.1,0.544,0.349,0.275,8.0,14.8,11.4,7.7,3.2,1.1,13.5,20.1,0.2,0.4,0.085,-0.1,0.2,0.0,0.2,TOT,21,1,307,8.2,17.6,0.46799999999999997,1.8,6.1,0.289,6.5,11.5,0.563,3.2,4.8,0.667,3.6,6.6,10.2,2.6,3.2,0.6,3.1,5.5,21.5,105.0,107,3.158,2.0,1.579,1.7369
60,124,Zach LaVine\lavinza01,G,24-100,RFA,CHI,16.7 Pts 3.9 Reb 3.0 Ast,0.3,CHI,Signed 4-yr $78MM contract,,2018,14.6,0.499,0.34600000000000003,0.301,1.4,14.4,7.7,18.6,1.8,0.5,9.7,29.5,-0.1,0.5,0.025,-0.6,-2.0,-2.7,-0.1,CHI,24,24,656,10.1,26.4,0.38299999999999995,3.1,9.2,0.341,7.0,17.3,0.405,6.5,8.0,0.813,0.7,6.3,7.0,5.4,1.8,0.3,3.2,4.1,29.8,99.0,111,78.0,4.0,19.5,21.450000000000003
62,176,Avery Bradley\bradlav01,G,28-204,UFA,LAC,14.3 Pts 2.5 Reb 2.0 Ast,-0.2,LAC,Reportedly agreed to 2-yr $24.96MM contract,,2018,9.6,0.496,0.325,0.131,1.7,7.3,4.5,10.4,1.8,0.5,13.3,23.5,-1.4,1.2,-0.006999999999999999,-2.8,-1.4,-4.2,-0.8,TOT,46,46,1433,9.0,21.7,0.414,2.6,7.0,0.369,6.4,14.6,0.436,2.2,2.8,0.768,0.8,3.3,4.0,3.3,1.8,0.3,3.5,3.2,22.8,92.0,110,24.96,2.0,12.48,13.728000000000002
